Generation	Smiles
0	C(CN)(O)=O
0	C(C(C(C(C(CO)O)O)O)O)=O
0	O
1	C(CO)=O
1	C(C(C(CO)O)O)=O
1	C(CO)(C(C(C(CO)O)O)O)=O
1	C(C(C(C(C(CO)O)O)O)O)(O)=O
1	C(C(C(C(C(CO)O)O)O)O)O
1	CN
1	C(=O)=O
1	C(C(CC(C(CO)O)O)=O)=O
1	C(CC(C(C(CO)O)O)=O)=O
1	C(C(C(CC(CO)O)=O)O)=O
1	C(CC(C=O)O)(C(CO)O)=O
1	C(C(C(C=O)O)O)(CCO)=O
1	C(C(C(CC(CO)=O)O)O)=O
1	C(C(C(C(C(C)=O)O)O)O)=O
1	C(CC(C(C(C=O)O)O)O)=O
1	C(C(C1C(C(C(O)O1)O)O)O)O
1	C(C1C(C(C(C(O)O1)O)O)O)O
1	C1C(C(C(C(C(O)O1)O)O)O)O
1	C(C(C(C(C(CN)O)O)O)O)O
1	C(C(O)=O)=O
1	C=O
2	C1(C(C(C(C1CO)O)O)O)=O
2	C1(C(C(C(C(C1)O)O)O)O)=O
2	C(C1C(C(C(C1O)O)O)O)=O
2	C(C(C=O)O)(O)=O
2	C(C(C(C=O)O)O)(O)=O
2	C(C(CO)O)=O
2	C(C(C(CO)C(C(CO)O)O)=O)=O
2	C(C(C(C(C(CO)O)O)=O)CO)=O
2	C(C(C(C(CO)C(CO)O)=O)O)=O
2	C(C(CO)C(C=O)O)(C(CO)O)=O
2	C(C(C(C=O)O)O)(C(CO)CO)=O
2	C(C(C(C(C(CO)=O)CO)O)O)=O
2	C(C(CO)O)(CC(C(C=O)O)O)=O
2	C(C(C(C(C=O)O)O)O)(CCO)=O
2	C(C(CO)C(C(C(C=O)O)O)O)=O
2	C(C(CC(C(CO)O)O)O)(O)=O
2	C(C(C(C(C(CO)O)O)O)=O)=O
2	C(CO)(CO)=O
2	C(C(C)=O)=O
2	C(CC(CO)=O)=O
2	C(C(C(C)=O)O)=O
2	C(C=O)=O
2	C(C)(C(CO)O)=O
2	C(C(CC(CO)=O)O)=O
2	C(C(CCO)=O)=O
2	C(CO)(CCO)=O
2	C(C(C(C(C)=O)O)O)=O
2	C(C(C=O)O)=O
2	C(C)(CO)=O
2	C(CC(C=O)O)=O
2	C(C(C(C=O)O)O)=O
2	C(C)=O
2	C(CO)(C(CO)O)=O
2	C(C(C(CO)O)O)(C(CO)O)=O
2	C(CC(C(C(CO)O)=O)O)=O
2	C(C(CO)=O)(CC(CO)O)=O
2	C(C(C(CC(CO)O)O)=O)=O
2	C(C(CO)O)(CC(CO)=O)=O
2	C(C(CC(C(CO)=O)O)O)=O
2	C(CCO)(C(C(CO)=O)O)=O
2	C(C(C(C(CCO)O)=O)O)=O
2	C(CO)(C(CC(CO)=O)O)=O
2	C(C(C(CC(C=O)O)O)O)=O
2	C(C)(C(C(C(CO)=O)O)O)=O
2	C(C(C(C=O)O)O)(C(C)O)=O
2	C(CC(C(C(CO)=O)O)O)=O
2	C(CNC)=O
2	C(CNC)(C(CO)O)=O
2	C(C(C(C(C(CO)O)O)O)NC)=O
2	C(C(C(CO)O)O)(C(CO)NC)=O
2	C(CC(C(C(CO)O)=O)NC)=O
2	C(C(CNC)=O)(CC(CO)O)=O
2	C(C(C(CC(CO)O)NC)=O)=O
2	C(C(CO)O)(CC(CNC)=O)=O
2	C(C(CC(C(CO)=O)NC)O)=O
2	C(CCO)(C(C(CNC)=O)O)=O
2	C(C(C(C(CCO)NC)=O)O)=O
2	C(CC(C(CNC)=O)O)(CO)=O
2	C(C(CC(C(C=O)O)O)NC)=O
2	C(C(C(C(CNC)=O)O)O)(C)=O
2	C(C(C(C=O)O)O)(C(C)NC)=O
2	C(CC(C(C(CNC)=O)O)O)=O
2	C(CNCC(O)=O)=O
2	C(CNCC(O)=O)(C(CO)O)=O
2	C(CNC)(C(C(C(CO)O)O)O)=O
2	C(CO)O
2	C(C(C(CO)O)O)O
2	C(CO)(CC(C(CO)O)O)=O
2	C(C(C(CO)O)O)(CCO)=O
2	C(C(CO)O)(CC(CO)O)=O
2	C(C)(C(C(C(CO)O)O)O)=O
2	C(CC(C(C(CO)O)O)O)=O
2	C(C(C(C(CCO)O)O)O)=O
2	C(CO)(O)=O
2	CO
2	C(C(C(CO)O)O)(O)=O
2	C(C(CC(C(CO)O)O)=O)(O)=O
2	C(CC(C(C(CO)O)O)=O)(O)=O
2	C(C(C(CC(CO)O)=O)O)(O)=O
2	C(CC(C(O)=O)O)(C(CO)O)=O
2	C(C(C(C(O)=O)O)O)(CCO)=O
2	C(C(C(CC(CO)=O)O)O)(O)=O
2	C(C(C(C(C(C)=O)O)O)O)(O)=O
2	C(CC(C(C(C(O)=O)O)O)O)=O
2	C(CC(C(C(C=O)O)O)O)(O)=O
2	C(C(O)=O)(O)=O
2	C(O)=O
2	C1(CC(C(C1(CO)O)O)O)=O
2	C(C1(C(C(CC1O)O)O)O)=O
2	C(C(C(CO)O)(C(CO)O)O)=O
2	C(C(C=O)(C(CO)O)O)(O)=O
2	C(C(C(CO)O)(C(C(O)=O)O)O)=O
2	C(C(CO)(C(CO)O)O)=O
2	C(CC(C(CO)(C(CO)O)O)=O)=O
2	C(C(C(CC(CO)O)=O)(CO)O)=O
2	C(CC(C=O)O)(C(CO)(CO)O)=O
2	C(C(CO)(C(C(CCO)=O)O)O)=O
2	C(C(CO)(C(C=O)O)O)(CCO)=O
2	C(C(CO)(C(CC(CO)=O)O)O)=O
2	C(C(CO)(C(C(C(C)=O)O)O)O)=O
2	C(C(C(C(C(C)=O)(CO)O)O)O)=O
2	C(C(CO)(C(C(CC=O)O)O)O)=O
2	C(C(CO)(CC(C(CO)O)=O)O)=O
2	C(C(C(CO)O)N)(O)=O
2	C(C(C(C(C(CO)O)O)O)N)(O)=O
2	C(C(C(O)=O)N)(O)=O
2	C(C(C(C(O)=O)N)O)(O)=O
2	C(C(CO)N)(O)=O
2	C(CO)(C(C(C(CO)O)O)NC)=O
2	C(CC(C(C(CO)O)NC)=O)=O
2	C(C(C(CC(CO)O)=O)NC)=O
2	C(CC(C=O)O)(C(CO)NC)=O
2	C(C(C(C=O)O)NC)(CCO)=O
2	C(C(C(C(C(C)=O)NC)O)O)=O
2	C(C(CC(C(CO)O)O)N)=O
2	C(CN)(CC(C(CO)O)O)=O
2	C(CCO)(CC(C=O)=O)=O
2	C(CO)(CCC(C=O)=O)=O
2	C(C)(C(CC(C=O)=O)O)=O
2	C(CC(CC(C=O)=O)O)=O
2	C(CC(C(CCO)=O)=O)=O
2	C(CC(CC(CO)=O)=O)=O
2	C(CC(C(C(C)=O)O)=O)=O
2	C(CC(C(CC=O)O)=O)=O
2	C(C(C=O)O)(CC(C)=O)=O
2	C(C(C(CCC=O)=O)O)=O
2	C(C(CC(C(C)=O)=O)O)=O
2	C(CC(CC(C=O)O)=O)=O
2	C1(CC(C(C(CO)O)O1)O)=O
2	C1(COC(C(CO)O)C1O)=O
2	C1(C(O)OC(C(CO)O)C1)=O
2	C1(C(C(CO)O)OC(C1)O)=O
2	C(C)(C1C(C(C(O1)O)O)O)=O
2	C(CC1C(C(C(O)O1)O)O)=O
2	C1(CC(C(C(CO)O1)O)O)=O
2	C1(COC(CO)C(C1O)O)=O
2	C1(C(O)OC(CO)C(C1)O)=O
2	C1(C(C(CO)OC(C1)O)O)=O
2	C1(C(C(O)OC(CO)C1)O)=O
2	C1(C(CO)OC(C(C1)O)O)=O
2	C1(CC(C(C(CO1)O)O)O)=O
2	C1(COCC(C(C1O)O)O)=O
2	C1(C(O)OCC(C(C1)O)O)=O
2	C1(C(C(COC(C1)O)O)O)=O
2	C1(C(C(O)OCC(C1)O)O)=O
2	C1(C(COC(C(C1)O)O)O)=O
2	C1(C(C(C(O)OCC1)O)O)=O
2	C1(COC(C(C(C1)O)O)O)=O
2	C(C(C(CO)O)O)(CCN)=O
2	C(C(CN)O)(CC(CO)O)=O
2	C(C(CO)O)(CC(CN)O)=O
2	C(C(C(CN)O)O)(CCO)=O
2	C(CO)(CC(C(CN)O)O)=O
2	C(C)(C(C(C(CN)O)O)O)=O
2	C(CC(C(C(CN)O)O)O)=O
2	C(C(CO)O)=CC(C=O)=O
2	C(C(C(C=CCO)=O)O)=O
2	C(C=CC(C(CO)O)=O)=O
2	C(C(C(C(C=C)=O)O)O)=O
2	C(C(C=CC(CO)=O)O)=O
2	C(C(C(C=CC=O)O)O)=O
2	C(C(C(C(CO)O)O)O)=CN
2	N
2	C(C(C(CO)NC)O)=O
2	C(CO)(C(C(C(CO)O)NC)O)=O
2	C(C(CC(C(CO)O)NC)=O)=O
2	C(CC(C(C(CO)NC)O)=O)=O
2	C(C(C(CC(CO)NC)=O)O)=O
2	C(CC(C=O)NC)(C(CO)O)=O
2	C(CC(C=O)O)(C(CNC)O)=O
2	C(C(C(C(CCO)=O)O)NC)=O
2	C(C(C(C=O)O)O)(CCNC)=O
2	C(C(C(CC(CO)=O)NC)O)=O
2	C(C(C(C(C(C)=O)O)NC)O)=O
2	C(CC(C(C(C=O)O)NC)O)=O
2	C(CC(C(C(C=O)O)O)NC)=O
2	C(C(C(CO)NCC(O)=O)O)=O
2	C(C(C(C(C(CO)O)O)NC)O)=O
2	C1C(C(C(O)O1)O)O
2	C(C1(C(C(C(CO)O1)O)O)O)O
2	C(C1(CC(C(CO)O1)O)O)=O
2	C(CC1(C(C(CO1)O)O)O)=O
2	C(C(C1(CC(CO1)O)O)O)=O
2	C(C1C(CC(CO)(O1)O)O)=O
2	C(C1C(C(C(C)(O1)O)O)O)=O
2	C(C(C1C(CC(O)O1)O)O)=O
2	C1C(C(C(C(CO)(O)O1)O)O)O
2	C(C1(CC(C(CO1)O)O)O)=O
2	C(C1C(C(CC(O1)O)O)O)=O
2	C(CN)O
2	C(C(C(CN)O)O)O
2	C(C(C(C(C(CO)N)O)O)O)O
2	C(CC(C(C(CO)O)O)N)=O
2	C(C(C(CC(CO)O)N)O)=O
2	C(C(CC(C(CO)O)N)O)=O
2	C(C(C(C(CCO)N)O)O)=O
2	C(C(C(CC(CO)N)O)O)=O
2	C(C(C(C(C(C)N)O)O)O)=O
2	C(C(C(C(CCN)O)O)O)=O
2	C1(C(C(C(C(CO)O)O1)O)O)=O
2	C1(C(C(C(C(CO)O1)O)O)O)=O
2	C1(C(C(C(C(CO1)O)O)O)O)=O
3	C1(C(C(C(C(C1CO)O)O)O)O)=O
3	C1(C(C(C(C1)O)O)O)=O
3	C1(C(C(C(CC1O)O)O)O)=O
3	C1(C(C(C(C1)O)(CO)O)O)=O
3	C1(C(CC(CO)(C1O)O)O)=O
3	C1(C(C(C(CO)(C1)O)O)O)=O
3	C1(C(C(C(C)(C1O)O)O)O)=O
3	C1(C(C(CC(C1O)O)O)O)=O
3	C1(C(C(C(CC1NC)O)O)O)=O
3	C1(C(C(C(C1)O)(CNC)O)O)=O
3	C1(C(CC(CO)(C1NC)O)O)=O
3	C1(C(C(C(CNC)(C1)O)O)O)=O
3	C1(C(C(C(C)(C1NC)O)O)O)=O
3	C1(C(C(CC(C1NC)O)O)O)=O
3	C1(C(C(CO)(C(C1CO)O)O)O)=O
3	C1(C(CO)(C(C(C1CO)O)O)O)=O
3	C1(C(C(C(C(C1)O)(CO)O)O)O)=O
3	C1(CC(C(C(C1(CO)O)O)O)O)=O
3	C(C1C(C(CO)(C(C1O)O)O)O)=O
3	C1(C(C(C(C1CO)O)O)NC)=O
3	C1(C(C(C(C(C1)O)O)O)NC)=O
3	C1(C(CO)C(C(C1)=O)O)=O
3	C1(CCC(C(C1O)O)=O)=O
3	C(C1(CCC(C1O)=O)O)=O
3	C1(CC(C(CC1O)=O)O)=O
3	C(C1(CC(C(C1)=O)O)O)=O
3	C(C1C(CC(C1O)=O)O)=O
3	C1(C(CC(C1CO)O)=O)=O
3	C1(CC(C(C(C1)=O)O)O)=O
3	C1(CC(CC(C1O)=O)O)=O
3	C(C1C(C(CC1O)O)=O)=O
3	C(C1C(C(C(C1)=O)O)O)=O
3	C1(C(CC(C(C1)O)O)=O)=O
3	C(C1C(CC(C1O)O)=O)=O
3	C1C(C(C(C(C=1)=O)O)O)O
3	C1(C(C(C(C1CO)O)NC)O)=O
3	C1(C(C(C(C1CNC)O)O)O)=O
3	C1(C(C(C(C(C1)NC)O)O)O)=O
3	C1(C(C(C(C(C1)O)O)NC)O)=O
3	C(C1C(C(C(C1O)O)NC)O)=O
3	C(C1C(C(C(C1NC)O)O)O)=O
3	C(C(C(C(C(CO)=O)O)O)O)(O)=O
3	C(C(C(CC(C=O)=O)O)O)(O)=O
3	C(CC(C(C(O)=O)O)O)=O
3	C(C(C(C(C(O)=O)O)O)NC)=O
3	C(C(C(CO)=O)C(C(CO)O)O)=O
3	C(CC(C(C(C(CO)O)O)O)=O)=O
3	C(C(C(CC(C(CO)O)O)=O)O)=O
3	C(C(CO)O)(CC(C(CO)O)O)=O
3	C(C(C(C(CO)O)O)O)(CCO)=O
3	C(CO)(C(CO)C(C(CO)O)O)=O
3	C(C(C(C(CO)O)O)C(C=O)O)=O
3	C(CC(C(CO)O)O)=O
3	C(C(C(C(CO)O)O)NC)=O
3	C(CO)(C(C(CO)(CO)O)O)=O
3	C(C(C)(C(C(CO)=O)O)O)=O
3	C(C(CC(CO)(CO)O)=O)=O
3	C(CO)(CC(C(C(CO)=O)O)O)=O
3	C(CC(CO)(C(C(CO)=O)O)O)=O
3	C(C(C(CO)=O)C(CO)(CO)O)=O
3	C(CC(C(C(CO)(CO)O)O)=O)=O
3	C(C)(C(C(C(C(CO)=O)O)O)O)=O
3	C(C(C(C)(C(C(CO)=O)O)O)O)=O
3	C(C(C(CC(CO)(CO)O)=O)O)=O
3	C(C(C(C(CO)=O)O)O)=O
3	C(CO)(C(C(C)(C(CO)O)O)O)=O
3	C(C(CO)O)(CC(CO)(CO)O)=O
3	C(C(C(C(CCO)=O)O)O)(CO)=O
3	C(C(CCO)(C(C(CO)=O)O)O)=O
3	C(C(C(CO)C(CO)(CO)O)=O)=O
3	C(CO)(C(C(CO)(CCO)O)O)=O
3	C(C(C(CO)(CO)O)O)(CCO)=O
3	C(CO)(C(CO)C(CO)(CO)O)=O
3	C(C(C(C(C(CO)=O)O)O)O)=O
3	C(CO)(C(C(CO)(C)O)O)=O
3	C(CO)(CC(CO)(CO)O)=O
3	C(C)(C(C(CO)(CO)O)O)=O
3	C(CC(C(C(C(CO)=O)O)O)O)=O
3	C(C(CC(C(C(CO)=O)O)O)O)=O
3	C(C(C(CO)(CO)O)C(C=O)O)=O
3	C(CO)(C(C(C)O)O)=O
3	C(CC(CO)(CO)O)=O
3	C(CO)(C(C(CNC)O)O)=O
3	C(C(C(CO)(CO)O)NC)=O
3	C(C(C)(CC(C=O)=O)O)=O
3	C(CO)(CC(CC(C=O)=O)O)=O
3	C(CC(CO)(CC(C=O)=O)O)=O
3	C(C(C(CO)=O)C(C(C)=O)O)=O
3	C(C(C)(C(C=O)C(CO)=O)O)=O
3	C(CC(C(C(C(C)=O)O)O)=O)=O
3	C(C(C)(C(C(CC=O)=O)O)O)=O
3	C(C)(C(C(CC(C=O)=O)O)O)=O
3	C(C(C(C)(CC(C=O)=O)O)O)=O
3	C(C(C(CC(C(C)=O)O)=O)O)=O
3	C(C(C)(CC(C(C=O)O)=O)O)=O
3	C(C(CC(C=O)=O)O)=O
3	C(C(CC(C)(C(CO)O)O)=O)=O
3	C(CC(C(C)=O)O)(C(CO)O)=O
3	C(C(C)(CC(C(CO)O)=O)O)=O
3	C(C(CC(C=O)=O)O)(CCO)=O
3	C(C(CCO)(CC(C=O)=O)O)=O
3	C(C(C(C(C=O)=O)CO)O)(C)=O
3	C(C(C)(C(C(C=O)=O)CO)O)=O
3	C(C(CC(CO)(CCO)O)=O)=O
3	C(C(C(C(CCO)=O)O)O)(C)=O
3	C(C(C)(C(C(CCO)=O)O)O)=O
3	C(CO)(C(CO)C(C(C)=O)O)=O
3	C(C(C)(C(C(CO)=O)CO)O)=O
3	C(C(C(CC(C=O)=O)O)O)=O
3	C(C(CC(C)(CO)O)=O)=O
3	C(C)(C(CC(CO)=O)O)=O
3	C(C(C)(CC(CO)=O)O)=O
3	C(C)(C(C(C(C)=O)O)O)=O
3	C(C(C)(C(C(C)=O)O)O)=O
3	C(CC(C(CC(C=O)=O)O)O)=O
3	C(C(CC(CC(C=O)=O)O)O)=O
3	C(C(C(C=O)C(C(C)=O)O)O)=O
3	C(C(C(C=O)C(C=O)(C)O)O)=O
3	C(C(C(C(CC(C=O)=O)O)O)O)=O
3	C(C(CC(C)O)=O)=O
3	C(CC(C(C)=O)O)=O
3	C(C(C)(CC=O)O)=O
3	C(C(CC(CO)(C(CO)O)O)=O)=O
3	C(C(C(C(C(CO)O)=O)O)O)(C)=O
3	C(C(C)(C(C(C(CO)O)=O)O)O)=O
3	C(C(CC(CNC)O)=O)=O
3	C(C(C(C(C)=O)O)NC)=O
3	C(C(C)(C(C=O)NC)O)=O
3	C(CNCC(CC(C=O)=O)O)(O)=O
3	C(CNC(C=O)C(C(C)=O)O)(O)=O
3	C(CNC(C=O)C(C=O)(C)O)(O)=O
3	C(C(C(CO)=O)C(C=O)O)=O
3	C(CC(C(C(C=O)O)O)=O)=O
3	C(C(C(C(C=O)C(CO)=O)O)O)=O
3	C(CC(C(C(C(C=O)O)O)O)=O)=O
3	C(C(C(CO)=O)C(CO)(C)O)=O
3	C(CC(C(C(CO)(C)O)O)=O)=O
3	C(CO)(CC(CC(CO)=O)O)=O
3	C(CC(CO)(CC(CO)=O)O)=O
3	C(C)(C(C(CC(CO)=O)O)O)=O
3	C(CC(CO)(C(C(C)=O)O)O)=O
3	C(C(C(CO)=O)C(C)O)=O
3	C(CC(C(C(C)O)O)=O)=O
3	C(CC(CC(CO)=O)O)=O
3	C(CC(CO)(CC=O)O)=O
3	C(C(C(CO)=O)C(CNC)O)=O
3	C(CC(C(C(CNC)O)O)=O)=O
3	C(C(C(CC(CO)=O)O)NC)=O
3	C(CC(CO)(C(C=O)NC)O)=O
3	C(C(C(CC(C=O)O)=O)O)=O
3	C(CC(C(C=O)O)O)(C(C=O)O)=O
3	C(C(C(CC(CO)(C)O)=O)O)=O
3	C(C(C(C)(CC(CO)=O)O)O)=O
3	C(C)(C(C(C(C(C)=O)O)O)O)=O
3	C(C(C(C)(C(C(C)=O)O)O)O)=O
3	C(C(C(CC(C)O)=O)O)=O
3	C(CC(C(C(C)=O)O)O)=O
3	C(CC(C)(C(C=O)O)O)=O
3	C(C(C(CC(CNC)O)=O)O)=O
3	C(C(C(C(C(C)=O)O)O)NC)=O
3	C(C(C(C)(C(C=O)O)O)NC)=O
3	C(C(C(C(CO)=O)C(C=O)O)O)=O
3	C(C(C(C(CC(C=O)O)=O)O)O)=O
3	C(C(C(C(C=O)=O)CO)O)=O
3	C(CO)(C(CO)C(C=O)O)=O
3	C(C(C(C=O)C(C=O)O)O)=O
3	C(C(C(C=O)O)O)(C(CO)O)=O
3	C(C(C(C=O)O)NC)=O
3	C(C(C(C=O)O)NC)(C(CO)O)=O
3	C(CNC(C=O)C(C=O)O)(O)=O
3	C(C(CO)O)(CC(CO)(C)O)=O
3	C(CO)(CC(C)(C(CO)O)O)=O
3	C(C)(C(C(C)(C(CO)O)O)O)=O
3	C(C(CO)O)(CC(C)O)=O
3	C(CC(C)(C(CO)O)O)=O
3	C(C(CO)O)(CC(CNC)O)=O
3	C(C(C(C)(C(CO)O)O)NC)=O
3	C(CO)(C(C(C)O)C(C=O)O)=O
3	C(CC(C=O)O)(C(C(C)O)O)=O
3	C(CC(C(CC(CO)=O)O)O)=O
3	C(CC(CO)(CC(C=O)O)O)=O
3	C(C(C(C(C(C=O)=O)CO)O)O)=O
3	C(C(C(CO)C(C)(CO)O)=O)=O
3	C(CC(C(CCO)=O)O)(CO)=O
3	C(C(CCO)(CC(CO)=O)O)=O
3	C(C(CCO)(C(C(C)=O)O)O)=O
3	C(C(C(CO)C(C)O)=O)=O
3	C(CC(C(CCO)=O)O)=O
3	C(C(CCO)(CC=O)O)=O
3	C(C(C(CO)C(CNC)O)=O)=O
3	C(C(CCO)(C(C=O)NC)O)=O
3	C(C(C(CO)(C)O)O)(CCO)=O
3	C(CO)(C(CO)C(CO)(C)O)=O
3	C(CO)(CC(CO)(CCO)O)=O
3	C(C)(C(C(CO)(CCO)O)O)=O
3	C(C(C(C)O)O)(CCO)=O
3	C(CO)(C(CO)C(C)O)=O
3	C(CC(CO)(CCO)O)=O
3	C(C(C(CNC)O)O)(CCO)=O
3	C(CO)(C(CO)C(CNC)O)=O
3	C(C(C(CO)(CCO)O)NC)=O
3	C(C(C(C=O)O)O)(CC(C)O)=O
3	C(CC(C(C(C(C)=O)O)O)O)=O
3	C(CC(C)(C(C(C=O)O)O)O)=O
3	C(C(C(C(C=O)C(C=O)O)O)O)=O
3	C(CC(C(C=O)O)O)=O
3	C(C(C(C(C=O)O)O)NC)=O
3	C(CO)(CC(CO)(C)O)=O
3	C(C)(C(C(CO)(C)O)O)=O
3	C(C(CC(CC(CO)=O)O)O)=O
3	C(C(CC(C(C(C)=O)O)O)O)=O
3	C(C(C(CO)(C)O)C(C=O)O)=O
3	C(C(C(C(CC(CO)=O)O)O)O)=O
3	C(C(C(C(C(C(C)=O)O)O)O)O)=O
3	C(CO)(CC(C)O)=O
3	C(C)(C(C(C)O)O)=O
3	C(CC(C)(CO)O)=O
3	C(CO)(CC(CO)(C(CO)O)O)=O
3	C(C)(C(C(CO)(C(CO)O)O)O)=O
3	C(C(C(CO)(C)O)O)(C(CO)O)=O
3	C(CO)(CC(CNC)O)=O
3	C(C)(C(C(CNC)O)O)=O
3	C(C(C(C)(CO)O)NC)=O
3	C(CNCC(CC(CO)=O)O)(O)=O
3	C(C)(C(C(CNCC(O)=O)O)O)=O
3	C(C(C(C)(CO)O)NCC(O)=O)=O
3	C(C(C(C)O)C(C=O)O)=O
3	C(CC(C(CC=O)O)O)=O
3	C(CC(CC(C=O)O)O)=O
3	C(C(C(CNC)O)C(C=O)O)=O
3	C(CC(C(C(C=O)NC)O)O)=O
3	C(C(C(CC(C=O)O)O)NC)=O
3	C(C(C(C(C(C=O)O)O)O)NC)=O
3	C(CC(C)O)=O
3	C(CC(CO)(C(CO)O)O)=O
3	C(C(C(C)O)O)(C(CO)O)=O
3	C(CC(CNC)O)=O
3	C(C(C(C)O)NC)=O
3	C(CC(CNC)(C(CO)O)O)=O
3	C(C(CO)O)(C(C(C)O)NC)=O
3	C(CC(CNCC(O)=O)O)=O
3	C(C(C(C)O)NCC(O)=O)=O
3	C(CC(C(CO)(C(CO)O)O)O)=O
3	C(CC(C(CC(CCO)=O)=O)O)=O
3	C(CC(C=O)(CC=O)O)(CCO)=O
3	C(CC(CCO)(CC(C=O)=O)O)=O
3	C(CCO)(C(C(C=O)=O)C(C)O)=O
3	C(C(CO)C(C)O)(CC(C=O)=O)=O
3	C(CC(C(CCC(CO)=O)=O)O)=O
3	C(CO)(CCC(C=O)(CC=O)O)=O
3	C(CC(CCC(C=O)=O)(CO)O)=O
3	C(CC(C(C=O)=O)C(C)O)(CO)=O
3	C(CO)(C(C(C)O)CC(C=O)=O)=O
3	C(CCC(C=O)=O)(C(C(C)O)O)=O
3	C(CC(C(CC(C(C)=O)O)=O)O)=O
3	C(C)(C(CC(C=O)(CC=O)O)O)=O
3	C(CC(C)(C(CC(C=O)=O)O)O)=O
3	C(C(C(C(C=O)=O)C(C)O)O)(C)=O
3	C(C(CC(C=O)=O)O)(CC(C)O)=O
3	C(CC(C(CC(CC=O)O)=O)O)=O
3	C(CC(CC(C=O)(CC=O)O)O)=O
3	C(CC(CC(CC(C=O)=O)O)O)=O
3	C(CC(C(C(C=O)=O)C(C)O)O)=O
3	C(C(C(CC(C=O)=O)O)C(C)O)=O
3	C(CC(CC(C(CCO)=O)=O)O)=O
3	C(CC(C(CCO)=O)(CC=O)O)=O
3	C(C(CCO)(CC=O)O)(CC=O)=O
3	C(C(C(C(CCO)=O)=O)C(C)O)=O
3	C(CC(C(C(CO)C(C)O)=O)=O)=O
3	C(CC(CC(CC(CO)=O)=O)O)=O
3	C(CC(CC=O)(CC(CO)=O)O)=O
3	C(CC(CC(CO)(CC=O)O)=O)=O
3	C(C(C(CC(CO)=O)=O)C(C)O)=O
3	C(CC=O)(C(C(CO)=O)C(C)O)=O
3	C(CC(CC(C(C(C)O)O)=O)=O)=O
3	C(CC(CC(C(C(C)=O)O)=O)O)=O
3	C(CC(C(C(C)=O)O)(CC=O)O)=O
3	C(CC(C)(C(C(CC=O)=O)O)O)=O
3	C(C(C(C(C(C)=O)O)=O)C(C)O)=O
3	C(CC(C(C(CC(C)O)=O)O)=O)=O
3	C(CC(C(CC=O)O)(CC=O)O)=O
3	C(CC(CC(C(CC=O)=O)O)O)=O
3	C(CC(C(C(C=O)C(C)O)=O)O)=O
3	C(C(C(C)O)C(C(CC=O)=O)O)=O
3	C(CC(C(C(CC(C)=O)=O)O)O)=O
3	C(CC(C(C=O)O)(CC(C)=O)O)=O
3	C(C(C(CC(C)(CC=O)O)=O)O)=O
3	C(C(C=O)O)(C(C(C)=O)C(C)O)=O
3	C(C(C=O)O)(CC(CC(C)O)=O)=O
3	C(CC(C(C(CCC=O)=O)O)O)=O
3	C(CCC(C(C=O)O)(CC=O)O)=O
3	C(C(C(CCC(CC=O)O)=O)O)=O
3	C(C(C(C)O)CC=O)(C(C=O)O)=O
3	C(C(C(C)O)CC(C(C=O)O)=O)=O
3	C(CC(C(CC(C(C)=O)=O)O)O)=O
3	C(C)(C(CC(C=O)O)(CC=O)O)=O
3	C(CC(C=O)O)(C(C)(CC=O)O)=O
3	C(C(C(C(C(C)=O)=O)C(C)O)O)=O
3	C(C(CC(C(CC(C)O)=O)=O)O)=O
3	C(CC(CC(C(CC=O)O)O)=O)=O
3	C(CC(CC(C=O)O)(CC=O)O)=O
3	C(CC(C=O)O)(CC(CC=O)O)=O
3	C(C(C(C)O)C(C=O)O)(CC=O)=O
3	C(CC(C=O)O)(C(C=O)C(C)O)=O
3	C(CC(C(C=CC(CO)O)=O)O)=O
3	C(C(C=CC(CO)O)(CC=O)O)=O
3	C(CC(C(C(C=CCO)=O)O)O)=O
3	C(CC(C=CCO)(C(C=O)O)O)=O
3	C(CC(C=CC(C(CO)O)=O)O)=O
3	C(CC(C=CC=O)(C(CO)O)O)=O
3	C(CC(C(C(C(C=C)=O)O)O)O)=O
3	C(C(C(C(C=C)(CC=O)O)O)O)=O
3	C(CC(C(C=CC(CO)=O)O)O)=O
3	C(C(C=CC(CO)(CC=O)O)O)=O
3	C(C(C=CC(C(C(C)O)O)=O)O)=O
3	C(CC(C(C(C=CC=O)O)O)O)=O
3	C(C(C(C=CC(CC=O)O)O)O)=O
3	C(CC(C(C(CO)NC)O)O)=O
3	C(C(CO)O)(C(C(CNC)O)O)=O
3	C(C(C(CO)(C(CO)O)O)NC)=O
3	C(C(C(CNC)O)NC)=O
3	C(C(C(CNCC(O)=O)O)NC)=O
3	C(C(C(CNC)O)NCC(O)=O)=O
3	C(C(C(C(C=O)O)O)O)(O)=O
3	C(C(C(C(C(C=O)O)O)O)O)(O)=O
3	C(C(C(C(CO)O)O)O)=O
3	C(C(C(CO)(CO)O)O)=O
3	C(CO)(C(C(CO)O)O)=O
3	C(C(C)(C(C=O)O)O)=O
3	C(C(CC(CO)O)=O)=O
3	C(CC(CO)(C(C=O)O)O)=O
3	C(C(C(CO)=O)C(CO)O)=O
3	C(C(C(C)(C(C=O)O)O)O)=O
3	C(C(C(C)(C(CO)O)O)O)=O
3	C(C(CC(CO)(C(C=O)O)O)O)=O
3	C(CO)(C(C(CO)O)C(C=O)O)=O
3	C(CC(C=O)O)(C(C(CO)O)O)=O
3	C(C(CCO)(C(C=O)O)O)=O
3	C(C(C(CO)C(CO)O)=O)=O
3	C(C(C(CO)(CCO)O)O)=O
3	C(CO)(C(CO)C(CO)O)=O
3	C(C(C(C(C)(C(C=O)O)O)O)O)=O
3	C(C(C(C=O)O)O)(CC(CO)O)=O
3	C(C(C(C(C=O)O)O)O)=O
3	C(C(C(CO)(C)O)O)=O
3	C(CO)(CC(CO)O)=O
3	C(C)(C(C(CO)O)O)=O
3	C(C(C(CO)O)C(C=O)O)=O
3	C(C(C(C(C(C=O)O)O)O)O)=O
3	C(C(C(C)O)O)=O
3	C(CC(CO)O)=O
3	C(C(C(CO)(C(CO)O)O)O)=O
3	C(C(C(CNC)O)O)=O
3	C(C(C(CO)O)NC)=O
3	C(C(C(CNC)(C(CO)O)O)O)=O
3	C(C(CO)O)(C(C(CO)O)NC)=O
3	C(C(C(CNCC(O)=O)O)O)=O
3	C(C(C(CO)O)NCC(O)=O)=O
3	C(C(C(C(C(CO)NC)O)O)O)=O
3	C(C(CC(C(C(CO)O)O)O)=O)=O
3	C(CO)(CC(C(C(CO)O)O)O)=O
3	C(C)(C(C(C(C(CO)O)O)O)O)=O
3	C(C(C(CO)=O)O)(O)=O
3	C(CC(C=O)=O)(O)=O
3	C(C(C=O)C(CO)=O)(O)=O
3	C(C(C(CC=O)=O)O)(O)=O
3	C(CC(C(C=O)O)=O)(O)=O
3	C(CC(C(CO)O)=O)(O)=O
3	C(C(C(CO)=O)C(C=O)O)(O)=O
3	C(C(C(CC(C=O)O)=O)O)(O)=O
3	C(C(C(C=O)=O)CO)(O)=O
3	C(C(C(CCO)=O)O)(O)=O
3	C(C(C(CO)=O)CO)(O)=O
3	C(CC(C(C(C=O)O)O)=O)(O)=O
3	C(CC(CO)=O)(O)=O
3	C(C(C(C)=O)O)(O)=O
3	C(C(C=O)C(C=O)O)(O)=O
3	C(CC(O)=O)=O
3	C(C(C(C(CO)O)=O)O)(O)=O
3	C(C(C(O)=O)NC)=O
3	C(C(C(C(CO)O)=O)NC)(O)=O
3	C(C(C(O)=O)NCC(O)=O)=O
3	C(C(C(CCO)=O)C(C=O)=O)(O)=O
3	C(C(C(CC(C=O)=O)=O)CO)(O)=O
3	C(C(C(C=O)=O)CC(CO)=O)(O)=O
3	C(C(C(CO)=O)CC(C=O)=O)(O)=O
3	C(C(C(CCC(C=O)=O)=O)O)(O)=O
3	C(C(C(C=O)=O)C(C(C)=O)O)(O)=O
3	C(CC(C(CC(C=O)=O)O)=O)(O)=O
3	C(C(C(C=O)=O)C(CC=O)O)(O)=O
3	C(C(C=O)C(CC(C=O)=O)O)(O)=O
3	C(C(C=O)C(C(CCO)=O)=O)(O)=O
3	C(C(C(C(CC=O)=O)=O)CO)(O)=O
3	C(C(C=O)C(CC(CO)=O)=O)(O)=O
3	C(C(C(CC=O)=O)C(CO)=O)(O)=O
3	C(C(C(CC(CC=O)=O)=O)O)(O)=O
3	C(C(C=O)C(C(C(C)=O)O)=O)(O)=O
3	C(CC(C(C(CC=O)=O)O)=O)(O)=O
3	C(C(C=O)C(C(CC=O)O)=O)(O)=O
3	C(C(C=O)C(C(CC=O)=O)O)(O)=O
3	C(C(C(C(C=O)O)=O)C(C)=O)(O)=O
3	C(CC(CC(C(C=O)O)=O)=O)(O)=O
3	C(C(C(C(C=O)O)=O)CC=O)(O)=O
3	C(C(C=O)CC(C(C=O)O)=O)(O)=O
3	C(C(C(C(C)=O)=O)C(C=O)O)(O)=O
3	C(CC(C(CC(C=O)O)=O)=O)(O)=O
3	C(C(C(CC=O)=O)C(C=O)O)(O)=O
3	C(C(C=O)C(CC(C=O)O)=O)(O)=O
3	C(C(C(C=CC(C=O)O)=O)O)(O)=O
3	C(C(C(C(CO)=O)O)O)(O)=O
3	C(C(CC(C=O)=O)O)(O)=O
3	C(C(C(CO)=O)C(C(O)=O)O)=O
3	C(CC(C(C(C(O)=O)O)O)=O)=O
3	C(C(C(CC(C(O)=O)O)=O)O)=O
3	C(C(C(C(C=O)=O)CO)O)(O)=O
3	C(CO)(C(CO)C(C(O)=O)O)=O
3	C(C(CC(CO)=O)O)(O)=O
3	C(C(C(C(C)=O)O)O)(O)=O
3	C(C(C(C=O)C(C=O)O)O)(O)=O
3	C(C(CC=O)O)(O)=O
3	C(C(C(C(O)=O)O)O)(C(CO)O)=O
3	C(C(C(C(O)=O)O)NC)=O
3	C(C(C(C=O)NCC(O)=O)O)(O)=O
3	C(C(C(CO)=O)CO)=O
3	C(CC(C(CO)O)=O)=O
3	C(C(C(CCO)=O)O)=O
3	C(C(CO)O)(CCO)=O
3	C(C(C(CO)CO)=O)=O
3	C(CO)(C(CO)CO)=O
3	C(C(CO)C(C=O)O)=O
3	C(CCO)=O
3	C(C(CO)O)(C(CO)O)=O
3	C(C(CO)C(C(C(CO)O)=O)O)=O
3	C(C(C(CO)O)=O)(CC(CO)O)=O
3	C(C(CO)=O)(C(CO)C(CO)O)=O
3	C(C(CO)O)(CC(C(CO)O)=O)=O
3	C(C(CO)O)(C(C(CO)=O)CO)=O
3	C(C(CC(C(C(CO)O)=O)O)O)=O
3	C(CCO)(C(C(C(CO)O)=O)O)=O
3	C(C(CO)CO)(C(C(CO)=O)O)=O
3	C(CC(C(C(CO)O)=O)O)(CO)=O
3	C(CO)(C(CO)C(C(CO)=O)O)=O
3	C(CC(C(CO)=O)O)(C(CO)O)=O
3	C(CC(C(C(C(CO)O)=O)O)O)=O
3	C(C(CO)C(C(C(CO)=O)O)O)=O
3	C(C(CO)NC)=O
3	C(C(CO)O)(C(CO)NC)=O
3	C(C(CO)NCC(O)=O)=O
3	C(C(C(CO)O)O)(C(CO)CO)=O
3	C(C(CO)O)(C(CO)C(CO)O)=O
3	C(C(CO)C(C(C(CO)O)O)O)=O
3	C(C(CO)N)(CC(C(CO)O)O)=O
3	C(CN)(C(CO)C(C(CO)O)O)=O
3	C(CCO)(C(C(C=O)=O)CO)=O
3	C(C(CO)CO)(CC(C=O)=O)=O
3	C(CC(C(C=O)=O)CO)(CO)=O
3	C(CO)(C(CO)CC(C=O)=O)=O
3	C(CCC(C=O)=O)(C(CO)O)=O
3	C(CC(C(C(C=O)=O)CO)O)=O
3	C(C(CO)C(CC(C=O)=O)O)=O
3	C(C(C(C(CCO)=O)=O)CO)=O
3	C(CC(C(C(CO)CO)=O)=O)=O
3	C(C(C(CC(CO)=O)=O)CO)=O
3	C(CC=O)(C(C(CO)=O)CO)=O
3	C(CC(CC(C(CO)O)=O)=O)=O
3	C(C(C(C(C(C)=O)O)=O)CO)=O
3	C(CC(C(C(CCO)=O)O)=O)=O
3	C(CC(C(C(C=O)CO)=O)O)=O
3	C(C(CO)C(C(CC=O)=O)O)=O
3	C(C(C=O)O)(C(C(C)=O)CO)=O
3	C(C(C=O)O)(CC(CCO)=O)=O
3	C(C(CO)CC=O)(C(C=O)O)=O
3	C(C(CO)CC(C(C=O)O)=O)=O
3	C(C(C(C(C(C)=O)=O)CO)O)=O
3	C(C(CC(C(CCO)=O)=O)O)=O
3	C(C(CO)C(C=O)O)(CC=O)=O
3	C(CC(C=O)O)(C(C=O)CO)=O
3	C1(C(CO)OC(C(CO)O)C1O)=O
3	C1(C(O)OC(C(CO)O)C1CO)=O
3	C1(C(C(CO)O)OC(C1CO)O)=O
3	C(C1C(C(C(O1)O)O)O)(CCO)=O
3	C(C(CO)C1C(C(C(O)O1)O)O)=O
3	C1(C(CO)OC(C(C1O)O)CO)=O
3	C1(C(O)OC(CO)C(C1CO)O)=O
3	C1(C(C(CO)OC(C1CO)O)O)=O
3	C1(C(C(O)OC(CO)C1CO)O)=O
3	C1(C(CO)OC(C(C1CO)O)O)=O
3	C1(C(CO)OCC(C(C1O)O)O)=O
3	C1(C(O)OCC(C(C1CO)O)O)=O
3	C1(C(C(COC(C1CO)O)O)O)=O
3	C1(C(C(O)OCC(C1CO)O)O)=O
3	C1(C(COC(C(C1CO)O)O)O)=O
3	C1(C(C(C(O)OCC1CO)O)O)=O
3	C1(COC(C(C(C1CO)O)O)O)=O
3	C1(C(CO)OC(C(C(C1)O)O)O)=O
3	C(C(C(CO)O)O)(C(CO)CN)=O
3	C(C(CN)O)(C(CO)C(CO)O)=O
3	C(C(CO)O)(C(CO)C(CN)O)=O
3	C(C(C(CN)O)O)(C(CO)CO)=O
3	C(CO)(C(CO)C(C(CN)O)O)=O
3	C(C(CO)O)(CC(C(CN)O)O)=O
3	C(C(C(C(CN)O)O)O)(CCO)=O
3	C(C(CO)C(C(C(CN)O)O)O)=O
3	C(C(C=CC(C(CO)O)=O)O)=O
3	C(C(CO)C1(C(C(CO1)O)O)O)=O
3	C(C(CO)C(C(C(CO)O)O)N)=O
3	C(C(C)O)(O)=O
3	C(C(CCO)O)(O)=O
3	C(C(CO)(CC(CO)O)O)(O)=O
3	C(C(C(CC(CO)O)O)O)(O)=O
3	C(C(CNC)(CC(CO)O)O)(O)=O
3	C(C(C(CC(CO)O)NC)O)(O)=O
3	C(CC(C(O)=O)O)(CCO)=O
3	C(C(CCC(CO)=O)O)(O)=O
3	C(C(CC(C(C)=O)O)O)(O)=O
3	C(CC(CC(C(O)=O)O)O)=O
3	C(C(CCO)(CC=O)O)(O)=O
3	C(C(C)(CC(C=O)O)O)(O)=O
3	C(C(C=CC(CO)O)O)(O)=O
3	C(C(CC(C(CO)O)NC)O)(O)=O
3	C(C(C=O)=O)=O
3	C(C(C(C=O)=O)O)=O
3	C(C(C(CO)O)=O)=O
3	C(C(C(CC(CO)O)=O)=O)=O
3	C(C(CO)O)(CC(C=O)=O)=O
3	C(CCO)(C(C(C=O)=O)O)=O
3	C(CO)(CC(C(C=O)=O)O)=O
3	C(C)(C(C(C(C=O)=O)O)O)=O
3	C(CC(C(C(C=O)=O)O)O)=O
3	C(C(C(C(CO)O)=O)=O)=O
3	C(C(C(C=O)=O)(C(CO)O)O)=O
3	C(C(C(C=O)=O)N)(O)=O
3	C(C(CO)=O)=O
3	C(CC(C(CO)=O)O)=O
3	C(C(CO)=O)(C)=O
3	C(CO)(CC(CO)=O)=O
3	C(CO)(C(C(C)=O)O)=O
3	C(C(C(C)O)=O)=O
3	C(CO)(C(C)O)=O
3	C(CC=O)=O
3	C(C(C(CO)=O)O)=O
3	C(CO)(CNC)=O
3	C(CNC)(C(C(CO)O)O)=O
3	C(CO)(C(CO)NC)=O
3	C(CC(C(CO)=O)NC)=O
3	C(C(CNC)=O)(C)=O
3	C(CNC)(CC(CO)=O)=O
3	C(C)(C(C(CNC)=O)O)=O
3	C(C(CNC)=O)=O
3	C(CC(C=O)NC)=O
3	C(C(C(C)NC)=O)=O
3	C(CO)(C(C)NC)=O
3	C(C(C(CNC)=O)O)=O
3	C(CNCC(CO)=O)(O)=O
3	C(C(CCO)O)=O
3	C(C(C)=O)(O)=O
3	C(CC(C=O)O)(O)=O
3	C(C)(C(CO)(C(C=O)O)O)=O
3	C(C(C(C)=O)(CO)O)=O
3	C(C)(C(CO)(CO)O)=O
3	C(C(CO)(C(C(C)=O)O)O)=O
3	C(C(CO)=O)(CCO)=O
3	C(C(C=O)(CO)O)=O
3	C(C(CO)(C(C=O)O)O)=O
3	C(C(CO)(CC(CO)=O)O)=O
3	C(CC(CNC)=O)=O
3	C(C(C(C)=O)NC)=O
3	C(C)(C(CO)NC)=O
3	C(CC(C=O)O)(CNC)=O
3	C(CNC)(CCO)=O
3	C(C(C(C=O)O)NC)(C)=O
3	C(CNC)(C)=O
3	C(C)(CN)=O
3	C(C)(CC(C=O)=O)=O
3	C(CC(C=O)=O)=O
3	C(CC(C(C)=O)=O)=O
3	C(C(C)=O)(C)=O
3	C(CC(C)=O)=O
3	C(OC(C(C)=O)C(CO)O)=O
3	C1(COC(C1)O)=O
3	C(C(C(OCC(C)=O)O)O)=O
3	C(C(CO)OCC(CO)=O)=O
3	C(C(CO)OC(C(C)=O)O)=O
3	C(OC(CO)C(C(C)=O)O)=O
3	C(OC(CO)CC(CO)=O)=O
3	C(C)(C(CO)OC(C=O)O)=O
3	C1(COC(C(C1)O)O)=O
3	C(C(COCC(CO)=O)O)=O
3	C(C(COC(C(C)=O)O)O)=O
3	C(OCC(C(C(C)=O)O)O)=O
3	C(CO)(CC(OCC=O)O)=O
3	C(OCC(CC(CO)=O)O)=O
3	C(C)(C(C(OCC=O)O)O)=O
3	C(C)(C(COC(C=O)O)O)=O
3	C(CO)(CCOC(C=O)O)=O
3	C(CO)(CCN)=O
3	C(C)(C(CN)O)=O
3	C(CN)=O
3	C(CO)(CC(CN)O)=O
3	C(C)(C(C(CN)O)O)=O
3	C(C(CN)O)=O
3	C(C(C(CN)O)O)=O
3	C(C=CC(CO)=O)=O
3	C=CC(C=O)=O
3	C=CC(CO)=O
3	C(C=CC=O)=O
3	C(CC(C=O)NC)(CO)=O
3	C(C)(C(CNC)O)=O
3	C(C(CCNC)=O)=O
3	C(CO)(CCNC)=O
3	C1(C(C(CO1)O)O)=O
3	C1(CC(CO1)O)=O
3	C(CC(CO)(OCC=O)O)=O
3	C(C(C(C)(OCC=O)O)O)=O
3	C(C(CC(OCC=O)O)O)=O
3	C(C(CCO)N)=O
3	C(CC(CO)N)=O
3	C(C(C(C)N)O)=O
3	C(C(CCN)O)=O
3	C1(C(C(C(CO)C1O)O)O)=O
3	C(C(CO)=O)(O)=O
3	C(C(C(C(CO)C(CO)O)O)=O)=O
3	C(C(C(CO)C(C(CO)=O)O)O)=O
3	C(C(C(C(C(CO)CO)O)=O)O)=O
3	C(C(C(C(CO)C(C=O)O)O)O)=O
3	C(C(C(CC(C(CO)=O)O)O)O)=O
3	C(C(C(C=O)O)O)(C(CCO)O)=O
3	C(C(C(C(C(CO)O)O)=O)O)=O
3	C(C(CC(C=O)O)O)=O
3	C(C(C(C(C)O)=O)O)=O
3	C(C(C)O)=O
3	C(C(C(CO)O)=O)(CCO)=O
3	C(C(CO)=O)(C(CCO)O)=O
3	C(C(C(C(CCO)O)O)=O)=O
3	C(C(CO)O)(C(C(C)=O)O)=O
3	C(C(C)O)(C(C(CO)=O)O)=O
3	C(C(C(C(C(C)O)O)=O)O)=O
3	C(CO)(C(CNC)O)=O
3	C(C(CO)O)(C(C(CO)NC)O)=O
3	C(CC(C(C(CO)=O)O)NC)=O
3	C(CC(C(CO)=O)O)(CNC)=O
3	C(CC(C(CO)=O)NC)(CO)=O
3	C(C(CC(C(C=O)O)NC)O)=O
3	C(C(C(CNC)O)=O)(CCO)=O
3	C(C(CNC)=O)(C(CCO)O)=O
3	C(C(CO)=O)(C(CCO)NC)=O
3	C(C(C(C(CCO)NC)O)=O)=O
3	C(C(CNC)O)(CC(CO)=O)=O
3	C(C(CC(C(CNC)=O)O)O)=O
3	C(C(CC(C(CO)=O)O)NC)=O
3	C(C(CNC)O)(C(C(C)=O)O)=O
3	C(C(C)O)(C(C(CNC)=O)O)=O
3	C(C(C)NC)(C(C(CO)=O)O)=O
3	C(C(C(C(C(C)NC)O)=O)O)=O
3	C(CC(C(C(CNC)O)=O)O)=O
3	C(CNCC(C(CO)=O)O)(O)=O
3	C(C(C(CO)O)O)(C(CNC)O)=O
3	C(C(CC(C(CO)O)O)O)=O
3	C(C(CCO)O)(C(CO)O)=O
3	C(CO)(C(CC(CO)O)O)=O
3	C(C(C(CO)O)O)(C(C)O)=O
3	C(CO)(C(C(CCO)O)O)=O
3	C(CC(C(C(CO)O)=O)O)(O)=O
3	C(C(C(CC(CO)O)O)=O)(O)=O
3	C(C(CC(C(CO)=O)O)O)(O)=O
3	C(C(C(C(CCO)O)=O)O)(O)=O
3	C(C(C(CC(C=O)O)O)O)(O)=O
3	C(C(C(C(O)=O)O)O)(C(C)O)=O
3	C(CC(C(C(CO)=O)O)O)(O)=O
3	C(C(CO)(CO)O)(CC(CO)=O)=O
3	C(C(C(C(CCO)O)=O)(CO)O)=O
3	C(CCO)(C(C(CO)=O)(CO)O)=O
3	C(C(CO)(C(CC(C=O)O)O)O)=O
3	C(C(CO)(C(C(C(C)O)=O)O)O)=O
3	C(C)(C(CO)(C(C(CO)=O)O)O)=O
3	C(C(CO)(CC(C(CO)=O)O)O)=O
3	C(C(CO)NC)(CC(CO)=O)=O
3	C(CCO)(C(C(CO)=O)NC)=O
3	C(C(C(C(CO)=O)O)NC)(C)=O
3	C(C(CCC(C=O)=O)O)=O
3	C(C(C)O)(CC(C=O)=O)=O
3	C(CC(C(C(C)=O)=O)O)=O
3	C(CC(C(C(C)O)=O)=O)=O
3	C(C)(CC(C(CO)=O)=O)=O
3	C(C)(CC(C(C=O)=O)O)=O
3	C(CCC(C(CO)=O)=O)=O
3	C(CCC(C(C=O)=O)O)=O
3	C(CO)(CC(C(C)=O)=O)=O
3	C1(C(C(CO)O)OCC1O)=O
3	C1(C(CC(C(CO)O)O1)O)=O
3	C1(C(C(CO)OCC1O)O)=O
3	C1(C(CC(C(CO)O1)O)O)=O
3	C1(C(CO)OC(CC1O)O)=O
3	C1(C(O)OC(CO)CC1O)=O
3	C1(C(C(COCC1O)O)O)=O
3	C1(C(CC(C(CO1)O)O)O)=O
3	C1(C(CC(O)OCC1O)O)=O
3	C1(C(O)OCC(CC1O)O)=O
3	C1(COC(C(CC1O)O)O)=O
3	C1(C(CCOC(C1O)O)O)=O
3	C(C(CCN)O)(C(CO)O)=O
3	C(CN)(C(CC(CO)O)O)=O
3	C(CO)(C(CC(CN)O)O)=O
3	C(C(CCO)O)(C(CN)O)=O
3	C(C(CC(C(CN)O)O)O)=O
3	C(C(C(CN)O)O)(C(C)O)=O
3	C(CO)=CC(C(CO)=O)=O
3	C(C(C(C=O)=O)O)=CCO
3	C(CO)(C(C=CC=O)O)=O
3	C(CO)(C(C(C=C)=O)O)=O
3	C(C(C(C(C=C)O)=O)O)=O
3	C(C=CC(CO)=O)(CO)=O
3	C(C(C=CC(C=O)O)O)=O
3	C(C(C(C(C(CO)O)NC)O)O)=O
3	C(CC(C(C(CO)NC)=O)O)=O
3	C(C(CO)=O)(CC(CO)NC)=O
3	C(C(C(CC(CO)NC)O)=O)=O
3	C(C(C(C(CCO)O)=O)NC)=O
3	C(CCNC)(C(C(CO)=O)O)=O
3	C(C(C(C(CCNC)O)=O)O)=O
3	C(C(C(C(C)=O)O)NC)(CO)=O
3	C(C(C(C=O)O)NC)(C(C)O)=O
3	C(CC(C(C(CO)=O)NC)O)=O
3	C(CNC(C(CO)=O)CO)(O)=O
3	C(CO)(C1(CC(CO1)O)O)=O
3	C(CO)(C1C(CC(O1)O)O)=O
3	C(CO)(C(CC(CO)O)N)=O
3	C(CO)(CC(C(CO)O)N)=O
3	C(CO)(C(C(CCO)N)O)=O
3	C(CO)(C(CC(CO)N)O)=O
3	C(CO)(C(C(C(C)N)O)O)=O
3	C(CO)(C(C(CCN)O)O)=O
3	C1(CC(C(CO)=O)N(C)C1)=O
3	C1(C(CN(C)C1CCO)=O)=O
3	C(C1CC(C(CN1C)=O)O)=O
3	C1(C(C)N(C)CC(C1O)=O)=O
3	C1(C(CO)N(C)CC(C1)=O)=O
3	C(C1C(C(CN1C)=O)O)(C)=O
3	C(CO)(C1CC(CN1)O)=O
3	C1(C(CNC1CCO)O)=O
3	C(C1CC(C(CN1)O)O)=O
3	C1(C(C(CNC1C)O)O)=O
3	C1(C(CN(C)C(CO)C1)=O)=O
3	C1(C(CN(C)CC(C1)=O)O)=O
3	C1(CCN(C)CC(C1O)=O)=O
3	C(CC1C(C(CN1C)=O)O)=O
3	C1(CNC(C(CO)O)C1)=O
3	C1(CNC(CCO)C1O)=O
3	C1(CNC(CO)CC1O)=O
3	C1(CNC(C)C(C1O)O)=O
3	C1(CNCCC(C1O)O)=O
3	C1(C(C(C(CO)C1N)O)O)=O
3	C1(C(C(C(CC1N)O)O)O)=O
3	C(CN(C)CC(C(O)=O)=O)=O
3	C(C(CO)NCC(C(O)=O)=O)(O)=O
3	C(C(CN)=O)(O)=O
3	C(C(CNCCO)=O)(O)=O
3	C(C(C(CN(C)CC=O)=O)O)(O)=O
3	C(C(C(CN)=O)O)(O)=O
3	C(C(C(CNCCO)=O)O)(O)=O
3	C(CN(C)CC(CO)=O)=O
3	C(CN(CC=O)CC(CO)=O)(O)=O
3	C(C(C(O)=O)NCC(CO)=O)(O)=O
3	C(C(CO)NCC(CO)=O)(O)=O
3	C(CO)(CN)=O
3	C(CO)(CNCCO)=O
3	C(CO)(CNCC(C(CO)O)O)=O
3	C(C(CO)C(C(C(CO)O)=O)N)=O
3	C(C(CN)=O)(C(CO)C(CO)O)=O
3	C(C(C(C(CO)C(CO)O)N)=O)=O
3	C(C(CO)O)(C(C(CN)=O)CO)=O
3	C(C(C(CO)C(C(CO)=O)N)O)=O
3	C(C(CO)CO)(C(C(CN)=O)O)=O
3	C(C(C(C(C(CO)CO)N)=O)O)=O
3	C(CO)(C(CO)C(C(CN)=O)O)=O
3	C(C(C(CO)C(C(C=O)O)O)N)=O
3	C(CC(C(CN)=O)O)(C(CO)O)=O
3	C(C(C(CC(C(CO)=O)N)O)O)=O
3	C(C(C(C(CCO)=O)O)O)(CN)=O
3	C(C(C(C=O)O)O)(C(CCO)N)=O
3	C(C(CO)C(C(C(CN)=O)O)O)=O
3	C(C(C(C(C(CO)O)O)=O)N)=O
3	C(C(CO)N(C)CC=O)=O
3	C(C(CO)N(CC(O)=O)CC=O)=O
3	C(C(C(O)=O)NC(C=O)CO)(O)=O
3	C(C(CO)NC(C=O)CO)(O)=O
3	C(C(CO)N)=O
3	C(C(CO)NCCO)=O
3	C(C(CO)NCC(C(CO)O)O)=O
3	C(CN(C)C(C=O)CC=O)=O
3	C(C(CO)NC(C=O)CC=O)(O)=O
3	C(CC(C=O)N)=O
3	C(CC(C=O)NCCO)=O
3	C(CN(C)CC(C(C)=O)=O)=O
3	C(CN(C)C(C(C=O)=O)C)=O
3	C(C(CO)NCC(C(C)=O)=O)(O)=O
3	C(C(CO)NC(C(C=O)=O)C)(O)=O
3	C(C(CN)=O)(C)=O
3	C(C(C(C)N)=O)=O
3	C(C(CNCCO)=O)(C)=O
3	C(C(C(C)NCCO)=O)=O
3	C(CN(C)C(C(CO)=O)C)=O
3	C(C(CO)NC(C(CO)=O)C)(O)=O
3	C(CO)(C(C)N)=O
3	C(CO)(C(C)NCCO)=O
3	C(CN(C)CC(CC(CO)=O)=O)=O
3	C(C(CC(C=O)O)N(C)CC=O)=O
3	C(CO)(CC(CN)=O)=O
3	C(C(CC(C=O)O)N)=O
3	C(CNCCO)(CC(CO)=O)=O
3	C(C(CC(C=O)O)NCCO)=O
3	C(C(CCO)N(C)CC=O)=O
3	C(C(CO)NC(C=O)CCO)(O)=O
3	C(C(CCO)NCCO)=O
3	C(C)(C(C(CN(C)CC=O)=O)O)=O
3	C(C(C)N(C)CC=O)(C(C=O)O)=O
3	C(C)(C(C(CN)=O)O)=O
3	C(C(C(C(C)N)=O)O)=O
3	C(C)(C(C(CNCCO)=O)O)=O
3	C(C(C(C(C)NCCO)=O)O)=O
3	C(CN(C)CC(C=O)=O)=O
3	C(CN(CC(O)=O)CC(C=O)=O)=O
3	C(C(C(O)=O)NCC(C=O)=O)(O)=O
3	C(C(CO)NCC(C=O)=O)(O)=O
3	C(C(CN)=O)=O
3	C(C(CNCCO)=O)=O
3	C(C(CNCC(C(CO)O)O)=O)=O
3	C(C(C)N(C)CC=O)=O
3	C(C(C)N(C)CC(C(CO)O)=O)=O
3	C(C(C)N(CC=O)CC(O)=O)=O
3	C(C(C(CO)O)NC(C=O)C)(O)=O
3	C(C(C)NC(C(O)=O)C(O)=O)=O
3	C(C(CO)NC(C=O)C)(O)=O
3	C(C(C)N)=O
3	C(C(C)N(C)C(CO)C(C=O)O)=O
3	C(C(C)NCCO)=O
3	C(C(C)NCC(C(CO)O)O)=O
3	C(CC(CN(C)CC=O)=O)=O
3	C(C(CO)NCC(CC=O)=O)(O)=O
3	C(CC(CN)=O)=O
3	C(CC(CNCCO)=O)=O
3	C(C(C(CN(C)CC=O)=O)O)=O
3	C(C(C(CN)=O)O)=O
3	C(C(C(CNCCO)=O)O)=O
3	C(C(C(CO)O)N(C)CC=O)=O
3	C(CN(C)C(C(CO)=O)CO)=O
3	C(C(C(CO)O)N)=O
3	C(CO)(C(CO)N)=O
3	C(C(C(CO)O)NCCO)=O
3	C(CO)(C(CO)NCCO)=O
3	C(CO)(C(C(C(CO)O)O)N)=O
3	C(C(CO)O)(C(C(CO)O)N)=O
3	C(CC(C(C(CO)O)N)=O)=O
3	C(CC(C(C(CO)=O)N)O)=O
3	C(C(C(CC(CO)O)=O)N)=O
3	C(CC(C=O)N)(C(CO)O)=O
3	C(CO)(C(CC(CO)=O)N)=O
3	C(CO)(C(CC(CN)=O)O)=O
3	C(CC(C=O)O)(C(CO)N)=O
3	C(C(C(CC(C=O)O)O)N)=O
3	C(C(C(C(CCO)=O)O)N)=O
3	C(C(C(CO)N)=O)(CCO)=O
3	C(C(CO)=O)(C(CCO)N)=O
3	C(C(CN)=O)(C(CCO)O)=O
3	C(C(C(C(CCO)O)N)=O)=O
3	C(C(C(C=O)O)N)(CCO)=O
3	C(C(C(CC(CO)=O)O)N)=O
3	C(C(CO)N)(CC(CO)=O)=O
3	C(C(CC(C(CO)=O)O)N)=O
3	C(C(CC(C(CN)=O)O)O)=O
3	C(C(C(CC(CN)=O)O)O)=O
3	C(C(C(C(C(C)=O)O)O)N)=O
3	C(C(CO)N)(C(C(C)=O)O)=O
3	C(C(C)N)(C(C(CO)=O)O)=O
3	C(C(C)O)(C(C(CN)=O)O)=O
3	C(C(C(C(C(C)O)N)=O)O)=O
3	C(C(C(C(C(C)=O)N)O)O)=O
3	C(CC(C(C(C=O)N)O)O)=O
3	C(CC(C(C(CO)N)=O)O)=O
3	C(CN(C)C(C(CO)=O)CNC)=O
3	C(C(CCC(C=O)=O)N(C)CC=O)=O
3	C(C(C)N(C)CC=O)(CC(C=O)=O)=O
3	C(CN(C)C(C=O)CC(CC=O)=O)=O
3	C(CN(C)C(C(C(C)=O)=O)CC=O)=O
3	C(CC(C(C(C)N(C)CC=O)=O)=O)=O
3	C(CN(C)C(C(CC=O)=O)CC=O)=O
3	C(C)(CC(C(CN(C)CC=O)=O)=O)=O
3	C(CC(C(C=O)=O)N(C)CC=O)(C)=O
3	C(CN(C)CC(C(CCC=O)=O)=O)=O
3	C(CCC(C(C=O)=O)N(C)CC=O)=O
3	C(CN(C)CC(CC(C(C)=O)=O)=O)=O
3	C(CC(CC(CN(C)CC=O)=O)=O)=O
3	C(CN(C)CC(C(C=CCO)=O)=O)=O
3	C(CN(C)C(C=CCO)C(C=O)=O)=O
3	C(CN(C)C(C(CO)=O)C=CC=O)=O
3	C(CN(C)CC(C(C(C=C)=O)O)=O)=O
3	C(C(C=O)O)(C(C=C)N(C)CC=O)=O
3	C(CN(C)CC(C=CC(CO)=O)=O)=O
3	C(C(C=CC(C=O)O)N(C)CC=O)=O
3	C(CN(C)CC(C(C=CC=O)O)=O)=O
3	C(CN(C)CC=O)(C(CO)NC)=O
3	C(CO)(C(CNC)N)=O
3	C(CO)(C(CNC)NCCO)=O
3	C(C(CO)O)(C(C(CO)NC)N)=O
3	C(CC(C(C(CO)=O)N)NC)=O
3	C(CNC)(CC(C(CO)=O)N)=O
3	C(CC(C(CO)=O)NC)(CN)=O
3	C(C(C(CC(C=O)O)NC)N)=O
3	C(C(C(CNC)N)=O)(CCO)=O
3	C(C(CNC)=O)(C(CCO)N)=O
3	C(C(CN)=O)(C(CCO)NC)=O
3	C(C(C(C(CCO)NC)N)=O)=O
3	C(C(CNC)N)(CC(CO)=O)=O
3	C(C(CC(C(CNC)=O)O)N)=O
3	C(C(CC(C(CN)=O)O)NC)=O
3	C(C(CNC)N)(C(C(C)=O)O)=O
3	C(C(C)N)(C(C(CNC)=O)O)=O
3	C(C(C)NC)(C(C(CN)=O)O)=O
3	C(C(C(C(C(C)NC)N)=O)O)=O
3	C(CC(C(C(CNC)N)=O)O)=O
3	C(CO)(C(CNCC(O)=O)N)=O
3	C(C(C(CO)O)O)(C(CNC)N)=O
3	C(C(CO)O)(C(CCO)N)=O
3	C(C(C(CO)O)O)(C(C)N)=O
3	C(CN)(C(C(CCO)O)O)=O
3	C(CC(C(C(CO)O)=O)N)(O)=O
3	C(C(C(CC(CO)O)N)=O)(O)=O
3	C(C(CC(C(CO)=O)N)O)(O)=O
3	C(C(C(C(CCO)N)=O)O)(O)=O
3	C(C(CC(C(C(O)=O)O)O)N)=O
3	C(C(C(C(O)=O)O)O)(C(C)N)=O
3	C(CC(C(C(CN)=O)O)O)(O)=O
3	C(C(CO)(CO)O)(CC(CN)=O)=O
3	C(C(C(C(CCO)N)=O)(CO)O)=O
3	C(CCO)(C(C(CN)=O)(CO)O)=O
3	C(C(CO)(C(CC(C=O)N)O)O)=O
3	C(C(CO)(C(C(C(C)N)=O)O)O)=O
3	C(C)(C(CO)(C(C(CN)=O)O)O)=O
3	C(C(CO)(CC(C(CO)=O)N)O)=O
3	C(C(C(C(C(CO)O)O)NC)N)=O
3	C(C(CO)NC)(CC(CN)=O)=O
3	C(CCO)(C(C(CN)=O)NC)=O
3	C(C(C(C(C)=O)NC)O)(CN)=O
3	C(C(CCC(C=O)=O)N)=O
3	C(C(CCC(C=O)=O)NCCO)=O
3	C(C(C)N)(CC(C=O)=O)=O
3	C(C(C)NCCO)(CC(C=O)=O)=O
3	C(CC(CC(C=O)N)=O)=O
3	C(CC(C=O)NCCO)(CC=O)=O
3	C(CC(C(C(C)=O)=O)N)=O
3	C(CC(C(C(C)N)=O)=O)=O
3	C(CC(C(C(C)=O)=O)NCCO)=O
3	C(CC(C(C(C)NCCO)=O)=O)=O
3	C(CC(C(CC=O)N)=O)=O
3	C(CC(C(CC=O)=O)NCCO)=O
3	C(C)(CC(C(CN)=O)=O)=O
3	C(C)(CC(C(C=O)=O)N)=O
3	C(C)(CC(C(CNCCO)=O)=O)=O
3	C(CC(C(C=O)=O)NCCO)(C)=O
3	C(CCC(C(CN)=O)=O)=O
3	C(CCC(C(C=O)=O)N)=O
3	C(CCC(C(CNCCO)=O)=O)=O
3	C(CCC(C(C=O)=O)NCCO)=O
3	C(CN)(CC(C(C)=O)=O)=O
3	C(CNCCO)(CC(C(C)=O)=O)=O
3	C(CC(CC(CN)=O)=O)=O
3	C(CC(CC(CNCCO)=O)=O)=O
3	C1(C(C(CO)O)OCC1N)=O
3	C1(C(CC(C(CO)O)O1)N)=O
3	C1(C(C(CO)OCC1N)O)=O
3	C1(C(CC(C(CO)O1)O)N)=O
3	C1(C(CO)OC(CC1N)O)=O
3	C1(C(O)OC(CO)CC1N)=O
3	C1(C(C(COCC1N)O)O)=O
3	C1(C(CC(C(CO1)O)O)N)=O
3	C1(C(COC(CC1N)O)O)=O
3	C1(C(O)OCC(CC1N)O)=O
3	C1(COC(C(CC1N)O)O)=O
3	C1(C(C(O)OCCC1N)O)=O
3	C(C(CO)O)(C(CCN)N)=O
3	C(CN)(C(CC(CO)O)N)=O
3	C(CO)(C(CC(CN)O)N)=O
3	C(C(CN)O)(C(CCO)N)=O
3	C(C(CC(C(CN)O)O)N)=O
3	C(C(C(CN)O)O)(C(C)N)=O
3	C(CO)=CC(C(CN)=O)=O
3	C(C(C(C=O)=O)N)=CCO
3	C(CO)=CC(C(CNCCO)=O)=O
3	C(C(C(C=O)=O)NCCO)=CCO
3	C(CO)(C(C=CC=O)N)=O
3	C(CO)(C(C=CC=O)NCCO)=O
3	C(CN)(C(C(C=C)=O)O)=O
3	C(C(C(C(C=C)N)=O)O)=O
3	C(CNCCO)(C(C(C=C)=O)O)=O
3	C(C(C=O)O)(C(C=C)NCCO)=O
3	C(C=CC(CN)=O)(CO)=O
3	C(C(C=CC(C=O)N)O)=O
3	C(C=CC(CO)=O)(CNCCO)=O
3	C(C(C=CC(C=O)O)NCCO)=O
3	C(CN)(C(C=CC=O)O)=O
3	C(CNCCO)(C(C=CC=O)O)=O
3	C(CN)(C(CO)NC)=O
3	C(C(C(C(C(CO)O)NC)O)N)=O
3	C(C(C(CO)O)NC)(C(CO)N)=O
3	C(CC(C(C(CO)NC)=O)N)=O
3	C(C(CN)=O)(CC(CO)NC)=O
3	C(C(C(CC(CO)NC)N)=O)=O
3	C(C(CC(C(CO)=O)N)NC)=O
3	C(C(CNC)O)(CC(CN)=O)=O
3	C(C(CC(C(CNC)=O)N)O)=O
3	C(C(C(C(CCO)N)=O)NC)=O
3	C(CCNC)(C(C(CN)=O)O)=O
3	C(C(C(C(CCNC)N)=O)O)=O
3	C(CC(C(CN)=O)NC)(CO)=O
3	C(C(CC(C(C=O)O)NC)N)=O
3	C(C(C(C(CN)=O)NC)O)(C)=O
3	C(C(C(C(C(C)N)=O)NC)O)=O
3	C(CC(C(C(CN)=O)NC)O)=O
3	C(CC(C(C(CN)=O)O)NC)=O
3	C(CNC(C(CN)=O)CO)(O)=O
3	C(CN)(C(C(C(CO)O)O)NC)=O
3	C(CN)(C1(CC(CO1)O)O)=O
3	C(CN)(C1C(CC(O1)O)O)=O
3	C(CN)(CC(C(CO)O)N)=O
3	C(CN)(C(C(CCO)N)O)=O
3	C(CN)(C(CC(CO)N)O)=O
3	C(CN)(C(C(C(C)N)O)O)=O
3	C(CN)(C(C(CCN)O)O)=O
3	C(CNCCO)(C(CO)NC)=O
3	C(CNCC(C(O)=O)=O)(O)=O
3	C(C(C(CNCC(O)=O)=O)O)(O)=O
3	C(CC(C=O)NCC(O)=O)=O
3	C(CNCC(C(C)=O)=O)(O)=O
3	C(CNC(C(C=O)=O)C)(O)=O
3	C(CNC(C(CO)=O)C)(O)=O
3	C(CNCC(CC(CO)=O)=O)(O)=O
3	C(C(CC(C=O)O)NCC(O)=O)=O
3	C(C(CCO)NCC(O)=O)=O
3	C(CNCC(C(C(C)=O)O)=O)(O)=O
3	C(C(C)NCC(O)=O)(C(C=O)O)=O
3	C(CNCC(C=O)=O)(O)=O
3	C(C(C)NCC(O)=O)=O
3	C(CC(CNCC(O)=O)=O)=O
3	C(C(C(CNCC(O)=O)=O)O)=O
3	C(CNC(C(CO)=O)CNC)(O)=O
3	C(CNCC(O)=O)(C(CO)NC)=O
3	C(CN(C)CC=O)=O
3	C(CN(C)CC=O)(C(CO)O)=O
3	C(CN(CC=O)CC(O)=O)=O
3	C(C(C(CO)O)NCC=O)(O)=O
3	C(C(C(O)=O)NCC=O)(O)=O
3	C(C(C(C(O)=O)NCC=O)O)(O)=O
3	C(C(CO)NCC=O)(O)=O
3	C(C(C(CO)N(C)CC=O)O)=O
3	C(CNCCO)=O
3	C(CNCC(C(CO)O)O)=O
3	C(CN)(C(CO)O)=O
3	C(CNCCO)(C(CO)O)=O
3	C(C(C(C(C(CO)O)O)O)N)=O
3	C(C(C(CO)O)O)(C(CO)N)=O
3	C1(C(C(C(CO)C1NC)O)O)=O
3	C(C(O)=O)(CNC)=O
3	C(C(C(CNC)=O)O)(O)=O
3	C(C(C(C(C(CO)O)O)=O)NC)=O
3	C(C(CC(C=O)O)NC)=O
3	C(C(CCO)NC)=O
3	C(C(C(C(C)NC)=O)O)=O
3	C(C(C)NC)=O
3	C(C(C(CO)NC)=O)(CCO)=O
3	C(C(C(C(CCO)O)NC)=O)=O
3	C(C(C(CC(CNC)=O)O)O)=O
3	C(C(CO)NC)(C(C(C)=O)O)=O
3	C(C(C(C(C(C)O)NC)=O)O)=O
3	C(CO)(C(CNC)NC)=O
3	C(CC(C(C(CO)=O)NC)NC)=O
3	C(CC(C(CO)=O)NC)(CNC)=O
3	C(C(C(CC(C=O)O)NC)NC)=O
3	C(C(C(CNC)NC)=O)(CCO)=O
3	C(C(CNC)=O)(C(CCO)NC)=O
3	C(C(C(C(CCO)NC)NC)=O)=O
3	C(C(CNC)NC)(CC(CO)=O)=O
3	C(C(CC(C(CNC)=O)O)NC)=O
3	C(C(CNC)NC)(C(C(C)=O)O)=O
3	C(C(C)NC)(C(C(CNC)=O)O)=O
3	C(C(C(C(C(C)NC)NC)=O)O)=O
3	C(CC(C(C(CNC)NC)=O)O)=O
3	C(CNCC(C(CO)=O)NC)(O)=O
3	C(C(CC(C(CO)O)O)NC)=O
3	C(C(CO)O)(C(CCO)NC)=O
3	C(CO)(C(CC(CO)O)NC)=O
3	C(C(C(CO)O)O)(C(C)NC)=O
3	C(CNC)(C(C(CCO)O)O)=O
3	C(CC(C(C(CO)O)=O)NC)(O)=O
3	C(C(C(CC(CO)O)NC)=O)(O)=O
3	C(C(CC(C(CO)=O)NC)O)(O)=O
3	C(C(C(C(CCO)NC)=O)O)(O)=O
3	C(C(CC(C(C(O)=O)O)O)NC)=O
3	C(C(C(C(O)=O)O)O)(C(C)NC)=O
3	C(CC(C(C(CNC)=O)O)O)(O)=O
3	C(C(CO)NC)(CC(CNC)=O)=O
3	C(CCO)(C(C(CNC)=O)NC)=O
3	C(C(C(C(CNC)=O)O)NC)(C)=O
3	C(C(CCC(C=O)=O)NC)=O
3	C(C(C)NC)(CC(C=O)=O)=O
3	C(CC(C=O)NC)(CC=O)=O
3	C(CC(C(C(C)=O)=O)NC)=O
3	C(CC(C(C(C)NC)=O)=O)=O
3	C(CC(C(CC=O)=O)NC)=O
3	C(C)(CC(C(CNC)=O)=O)=O
3	C(CC(C(C=O)=O)NC)(C)=O
3	C(CCC(C(CNC)=O)=O)=O
3	C(CCC(C(C=O)=O)NC)=O
3	C(CNC)(CC(C(C)=O)=O)=O
3	C(CC(CC(CNC)=O)=O)=O
3	C1(C(C(CO)O)OCC1NC)=O
3	C1(C(CC(C(CO)O)O1)NC)=O
3	C1(C(C(CO)OCC1NC)O)=O
3	C1(C(CC(C(CO)O1)O)NC)=O
3	C1(C(CO)OC(CC1NC)O)=O
3	C1(C(O)OC(CO)CC1NC)=O
3	C1(C(C(COCC1NC)O)O)=O
3	C1(C(CC(C(CO1)O)O)NC)=O
3	C1(C(COC(CC1NC)O)O)=O
3	C1(C(O)OCC(CC1NC)O)=O
3	C1(COC(C(CC1NC)O)O)=O
3	C1(C(C(O)OCCC1NC)O)=O
3	C(C(CO)O)(C(CCN)NC)=O
3	C(CN)(C(CC(CO)O)NC)=O
3	C(CO)(C(CC(CN)O)NC)=O
3	C(C(CN)O)(C(CCO)NC)=O
3	C(C(CC(C(CN)O)O)NC)=O
3	C(C(C(CN)O)O)(C(C)NC)=O
3	C(CO)=CC(C(CNC)=O)=O
3	C(C(C(C=O)=O)NC)=CCO
3	C(CO)(C(C=CC=O)NC)=O
3	C(CNC)(C(C(C=C)=O)O)=O
3	C(C(C=O)O)(C(C=C)NC)=O
3	C(C=CC(CO)=O)(CNC)=O
3	C(C(C=CC(C=O)O)NC)=O
3	C(CNC)(C(C=CC=O)O)=O
3	C(CNC)(C(CO)NC)=O
3	C(CC(C(C(CO)NC)=O)NC)=O
3	C(C(CNC)=O)(CC(CO)NC)=O
3	C(C(C(CC(CO)NC)NC)=O)=O
3	C(C(CC(C(CO)=O)NC)NC)=O
3	C(C(CNC)O)(CC(CNC)=O)=O
3	C(C(CC(C(CNC)=O)NC)O)=O
3	C(C(C(C(CCO)NC)=O)NC)=O
3	C(CCNC)(C(C(CNC)=O)O)=O
3	C(C(C(C(CCNC)NC)=O)O)=O
3	C(CC(C(CNC)=O)NC)(CO)=O
3	C(C(CC(C(C=O)O)NC)NC)=O
3	C(C(C(C(C)=O)O)NC)(CNC)=O
3	C(C(C(C=O)O)NC)(C(C)NC)=O
3	C(CC(C(C(CNC)=O)NC)O)=O
3	C(CC(C(C(CNC)=O)O)NC)=O
3	C(CNC(C(CNC)=O)CO)(O)=O
3	C(CNC)(C1(CC(CO1)O)O)=O
3	C(CNC)(C1C(CC(O1)O)O)=O
3	C(CNC)(C(CC(CO)O)N)=O
3	C(CNC)(CC(C(CO)O)N)=O
3	C(CNC)(C(C(CCO)N)O)=O
3	C(CNC)(C(CC(CO)N)O)=O
3	C(CNC)(C(C(C(C)N)O)O)=O
3	C(CNC)(C(C(CCN)O)O)=O
3	C(CC(C(C(CO)O)=O)N)=O
3	C(C(CN)=O)(CC(CO)O)=O
3	C(C(C(CC(CO)O)N)=O)=O
3	C(C(CO)O)(CC(CN)=O)=O
3	C(C(CC(C(CO)=O)N)O)=O
3	C(CCO)(C(C(CN)=O)O)=O
3	C(C(C(C(CCO)N)=O)O)=O
3	C(CN)(C(CC(CO)=O)O)=O
3	C(C(CC(C(C=O)O)O)N)=O
3	C(C)(C(C(C(CN)=O)O)O)=O
3	C(C(C(C=O)O)O)(C(C)N)=O
3	C(CC(C(C(CN)=O)O)O)=O
3	C(CN)(C(C(C(CO)O)O)O)=O
3	C(C1C(C(C(C1O)O)O)O)O
3	C(C(CO)O)(O)=O
3	C(C(CO)O)O
3	C(C(C(C(C(CO)CO)O)O)O)=O
3	CCO
3	C(C(C(CC(CO)O)O)O)=O
3	CNCCO
3	CNC(CO)C(C(C(CO)O)O)O
3	C(C(C(CC(CO)NC)O)O)=O
3	C(CNCCO)(O)=O
3	C(C(C(C(CCO)O)O)O)O
3	C(C(C(C(CCO)O)O)O)(O)=O
3	C(CC(C(C(CO)O)O)O)(O)=O
3	C(C1(C(C(CC1O)O)O)O)O
3	C(C(C(CO)O)(C(CO)O)O)O
3	C(C(CO)(C(CO)O)O)(O)=O
3	C(C(C(CO)(C(CO)O)O)O)(O)=O
3	C(C(CO)(C(CO)O)O)O
3	C(CCO)(C(CO)(C(CO)O)O)=O
3	C(CC(CO)O)(C(CO)(CO)O)=O
3	C(CO)(CC(C(CO)(CO)O)O)=O
3	C(C)(C(C(C(CO)(CO)O)O)O)=O
3	C(C)(C(CO)(C(C(CO)O)O)O)=O
3	C(CC(C(C(CO)(CO)O)O)O)=O
3	C(C(CO)(C(C(CCO)O)O)O)=O
3	C(C(C(CO)O)NC)(CCO)=O
3	C(C(CO)NC)(CC(CO)O)=O
3	C(C)(C(C(C(CO)O)O)NC)=O
3	C(C(C(CC(CO)N)O)O)O
3	C(CCO)(CC(CO)=O)=O
3	C(CO)(CCC(CO)=O)=O
3	C(C(CC(CCO)O)=O)=O
3	C(C(CCO)=O)(CCO)=O
3	C(CCO)(C(C(C)=O)O)=O
3	C(CC(C(CCO)O)=O)=O
3	C(C(CO)O)(CC(C)=O)=O
3	C(CCC=O)(C(CO)O)=O
3	C(C(C(CCCO)=O)O)=O
3	C(C(C)=O)(CC(CO)O)=O
3	C(CC(CC(CO)O)=O)=O
3	C(CC(C=O)O)(CCO)=O
3	C(CC1C(C(C(O)O1)O)O)O
3	C(CC(C(C(CN)O)O)O)O
3	C(C(CO)O)=CC(CO)=O
3	C(CO)=CC(C(CO)O)=O
3	C=CC(C(C(CO)O)O)=O
3	C(C(C(CO)O)O)=CC=O
3	C(C(C(C=CCO)O)O)=O
3	CNC(CO)C(CO)O
3	C(CO)(CC(C(CO)O)NC)=O
3	C(C(C(CO)NC)O)(CCO)=O
3	C(C(CO)O)(CC(CO)NC)=O
3	C(C(CNC)O)(CC(CO)O)=O
3	C(C(C(CO)O)O)(CCNC)=O
3	C(C)(C(C(C(CO)O)NC)O)=O
3	C(CC(C(C(CO)O)NC)O)=O
3	C(C(C(C(CCO)O)NC)O)=O
3	C(CC(C(C(CO)O)O)NC)=O
3	C(C(C(C(CCO)NC)O)O)=O
3	C(CNC(CO)C(CO)O)(O)=O
3	CNC(C(C(CO)O)O)C(CO)O
3	C(C1(CC(C(CO)O1)O)O)O
3	C1C(C(C(CCO)(O)O1)O)O
3	C1C(CC(C(CO)O)(O)O1)O
3	CC1(C(C(C(CO)O1)O)O)O
3	C(C(C1C(CC(O)O1)O)O)O
3	C1C(C(CC(CO)(O)O1)O)O
3	C(C1C(C(CC(O)O1)O)O)O
3	C(C(C(C(CCO)N)O)O)O
3	C(C(CC(C(CO)O)N)O)O
3	CC(C(C(C(CO)O)O)O)N
3	C(C(C(C(CCN)O)O)O)O
3	C(C1C(C(C(C1O)O)O)O)(O)=O
3	C(C(C(O)=O)O)(O)=O
3	C(C(C(C(O)=O)O)O)(O)=O
3	C(C(C(C(C(CO)O)O)O)=O)(O)=O
3	C(C(CCO)=O)(O)=O
3	C(C)(O)=O
3	C(C(CC(C(C=O)O)O)O)(O)=O
3	C(CNC)(O)=O
3	C(C(CC(C(C=O)O)O)NC)(O)=O
3	C(CNCC(O)=O)(O)=O
3	C(CC(C(C(C(O)=O)O)O)O)(O)=O
3	C(C1(C(C(CC1O)O)O)O)(O)=O
3	C(C(C(CO)O)(C(CO)O)O)(O)=O
3	C(C(C(O)=O)(C(CO)O)O)(O)=O
3	C(CC(C(C(CO)O)NC)=O)(O)=O
3	C(C(C(CC(CO)O)=O)NC)(O)=O
3	C(CC(C(O)=O)O)(C(CO)NC)=O
3	C(C(C(C(O)=O)O)NC)(CCO)=O
3	C(C(C(C(C(C)=O)NC)O)O)(O)=O
3	C(C(CC(C(CO)O)O)N)(O)=O
3	C(CCO)(CC(C(O)=O)=O)=O
3	C(CO)(CCC(C(O)=O)=O)=O
3	C(C)(C(CC(C(O)=O)=O)O)=O
3	C(CC(CC(C(O)=O)=O)O)=O
3	C(CC(CC(C=O)=O)O)(O)=O
3	C(CC(C(CCO)=O)=O)(O)=O
3	C(CC(CC(CO)=O)=O)(O)=O
3	C(CC(C(C(C)=O)O)=O)(O)=O
3	C(CC(C(CC=O)O)=O)(O)=O
3	C(CC(C(CC(O)=O)O)=O)=O
3	C(C(C(O)=O)O)(CC(C)=O)=O
3	C(C(C(CCC=O)=O)O)(O)=O
3	C(C(C(CCC(O)=O)=O)O)=O
3	C(C(CC(C(C)=O)=O)O)(O)=O
3	C(CC(CC(C(O)=O)O)=O)=O
3	C(CC(CC(C=O)O)=O)(O)=O
3	C(CC1C(C(C(O)O1)O)O)(O)=O
3	C(CC(C(C(CN)O)O)O)(O)=O
3	C(C(CO)O)=CC(C(O)=O)=O
3	C(C(C(C=CCO)=O)O)(O)=O
3	C(C=CC(C(CO)O)=O)(O)=O
3	C(C(C(C(C=C)=O)O)O)(O)=O
3	C(C(C=CC(CO)=O)O)(O)=O
3	C(C(C(C=CC=O)O)O)(O)=O
3	C(C(C(C=CC(O)=O)O)O)=O
3	C(C(C(CO)NC)O)(O)=O
3	C(C(CC(C(CO)O)NC)=O)(O)=O
3	C(CC(C(C(CO)NC)O)=O)(O)=O
3	C(C(C(CC(CO)NC)=O)O)(O)=O
3	C(CC(C(O)=O)NC)(C(CO)O)=O
3	C(CC(C(O)=O)O)(C(CNC)O)=O
3	C(C(C(C(CCO)=O)O)NC)(O)=O
3	C(C(C(C(O)=O)O)O)(CCNC)=O
3	C(C(C(CC(CO)=O)NC)O)(O)=O
3	C(C(C(C(C(C)=O)O)NC)O)(O)=O
3	C(CC(C(C(C(O)=O)O)NC)O)=O
3	C(CC(C(C(C=O)O)NC)O)(O)=O
3	C(CC(C(C(C(O)=O)O)O)NC)=O
3	C(CC(C(C(C=O)O)O)NC)(O)=O
3	C(C(C(CO)NCC(O)=O)O)(O)=O
3	C(C1(CC(C(CO)O1)O)O)(O)=O
3	C(CC1(C(C(CO1)O)O)O)(O)=O
3	C(C(C1(CC(CO1)O)O)O)(O)=O
3	C(C1C(CC(CO)(O1)O)O)(O)=O
3	C(C1C(C(C(C)(O1)O)O)O)(O)=O
3	C(C(C1C(CC(O)O1)O)O)(O)=O
3	C(C1(CC(C(CO1)O)O)O)(O)=O
3	C(C1C(C(CC(O1)O)O)O)(O)=O
3	C(CC(C(C(CO)O)O)N)(O)=O
3	C(C(C(CC(CO)O)N)O)(O)=O
3	C(C(CC(C(CO)O)N)O)(O)=O
3	C(C(C(C(CCO)N)O)O)(O)=O
3	C(C(C(CC(CO)N)O)O)(O)=O
3	C(C(C(C(C(C)N)O)O)O)(O)=O
3	C(C(C(C(CCN)O)O)O)(O)=O
3	C1(C(C(C(C1(CO)CO)O)O)O)=O
3	C(C1(C(C(CO)C(C1O)O)O)O)=O
3	C(C1(CO)C(C(C(C1O)O)O)O)=O
3	C1(C(CC(C1(CO)O)O)O)=O
3	C1(C(CC(C1(CO)O)O)NC)=O
3	C(C1(C(C(CC1O)NC)O)O)=O
3	C1(CC(CO)(C(C1(CO)O)O)O)=O
3	C1(CC(C(C1(CO)NC)O)O)=O
3	C(C1(C(CCC1O)=O)O)=O
3	C1C(C(C(C=1)=O)(CO)O)O
3	C(C1(C(C=CC1O)O)O)=O
3	C1(CC(C(C1(CO)O)O)NC)=O
3	C1(CC(C(C1(CNC)O)O)O)=O
3	C(C1(C(CC(C1NC)O)O)O)=O
3	C(C(CO)(C(C(C(O)=O)O)O)O)=O
3	C(C(C=O)(C(C(CO)O)O)O)(O)=O
3	C(C(C=O)(C(CO)(CO)O)O)(O)=O
3	C(C(C=O)(C(C(C)=O)O)O)(O)=O
3	C(C(C=O)(C(C=O)(C)O)O)(O)=O
3	C(C(C=O)(C(C=O)O)O)(O)=O
3	C(C(C=O)(C(C(C(O)=O)O)O)O)=O
3	C(C(C=O)(C(C(C=O)O)O)O)(O)=O
3	C(C(C=O)(C(CO)(C)O)O)(O)=O
3	C(C(C=O)(C(C)O)O)(O)=O
3	C(C(C=O)(C(CNC)O)O)(O)=O
3	C(C(C(C=O)(C(C=O)O)O)O)(O)=O
3	C(C(C(C=O)O)(C(C=O)O)O)(O)=O
3	C(C(C(C)O)(C(C(O)=O)O)O)=O
3	C(C(C(C)O)(C(C=O)O)O)(O)=O
3	C(C(CO)(C(C(CO)O)O)O)=O
3	C(C(CO)(C(CO)(CO)O)O)=O
3	C(C(CO)(C(C=O)(C)O)O)=O
3	C(C(CO)(C(CO)(CC=O)O)O)=O
3	C(C(C(C)=O)(C(C(CO)O)O)O)=O
3	C(C(CO)(C(C)(C(C=O)O)O)O)=O
3	C(C(CO)(C(C)(C(CO)O)O)O)=O
3	C(C(CCO)(C(C=O)(CO)O)O)=O
3	C(C(CO)(C(CO)(CCO)O)O)=O
3	C(C(C=O)(C(C(CO)O)O)O)=O
3	C(C(CO)(C(C(C=O)O)O)O)=O
3	C(C(CO)(C(CO)(C)O)O)=O
3	C(C(CO)(C(C)O)O)=O
3	C(C(CO)(C(CNC)O)O)=O
3	C(C(CO)(C(C(CO)O)O)N)(O)=O
3	C(C(C(C)=O)(C(CO)(CO)O)O)=O
3	C(C)(C(CO)(C(CO)(CO)O)O)=O
3	C(C(C=O)(C(CO)(CO)O)O)=O
3	C(C(CO)(C(CO)(CO)O)N)(O)=O
3	C(C(C(C)=O)(C(C(C)=O)O)O)=O
3	C(C(C)(C(C=O)(C(C)=O)O)O)=O
3	C(C)(C(CO)(C(C(C)=O)O)O)=O
3	C(C(C)(C(C(C)=O)(CO)O)O)=O
3	C(C(C=O)(C(C(C)=O)O)O)=O
3	C(C(C=O)(C(C=O)(C)O)O)=O
3	C(C(C(C=O)(C(C(C)=O)O)O)O)=O
3	C(C(C(C=O)(C(C=O)(C)O)O)O)=O
3	C(CO)(C(CO)(C(C(C)=O)O)O)=O
3	C(C(C)(C(C(CO)=O)(CO)O)O)=O
3	C(C(C(O)=O)(C(C(C)=O)O)N)(O)=O
3	C(C(C(O)=O)(C(C=O)(C)O)N)(O)=O
3	C(C(CO)(C(C(C)=O)O)N)(O)=O
3	C(C(CO)(C(C=O)(C)O)N)(O)=O
3	C(C(C=O)(C(CC(CO)=O)O)O)=O
3	C(C(C=O)(C(CO)(CC=O)O)O)=O
3	C(C(C(C)=O)(C(C=O)O)O)=O
3	C(C(C=O)(C(C(C(C)=O)O)O)O)=O
3	C(C(C=O)(C(C)(C(C=O)O)O)O)=O
3	C(C(C(C(C=O)(C(C)=O)O)O)O)=O
3	C(C(C(C)=O)(C(CO)(C)O)O)=O
3	C(C(C(C)=O)(C(C)O)O)=O
3	C(C(C(C)=O)(C(CNC)O)O)=O
3	C(C(C(C(C)=O)(C(C=O)O)O)O)=O
3	C(C(C=O)(C(C=O)O)O)=O
3	C(C(C(C=O)(C(C=O)O)O)O)=O
3	C(CO)(C(CO)(C(C=O)O)O)=O
3	C(CNC)(C(CO)(C(C=O)O)O)=O
3	C(C(C(CO)O)(C(C=O)O)O)(O)=O
3	C(C(C(CO)O)(C(C=O)O)N)(O)=O
3	C(C(C(O)=O)(C(C=O)O)N)(O)=O
3	C(C(CO)(C(C=O)O)N)(O)=O
3	C(C(C(CO)NC)(C(C=O)O)O)=O
3	C(C(C=O)(C(C)(C(CO)O)O)O)=O
3	C(C)(C(CO)(C(CO)(C)O)O)=O
3	C(C)(C(CO)(C(C)O)O)=O
3	C(C)(C(CO)(C(CNC)O)O)=O
3	C(C(C=O)(C(C(CCO)=O)O)O)=O
3	C(C(C=O)(C(C=O)(CCO)O)O)=O
3	C(C(C=O)(C(CO)(CCO)O)O)=O
3	C(C(C(C)O)(C(C(C)=O)O)O)=O
3	C(C)(C(C(C)O)(C(C=O)O)O)=O
3	C(C(C=O)(C(C(C=O)O)O)O)=O
3	C(C(C=O)(C(CO)(C)O)O)=O
3	C(C(C=O)(C(C(CC=O)O)O)O)=O
3	C(C(C=O)(C(CC(C=O)O)O)O)=O
3	C(C(C=O)(C(C)O)O)=O
3	C(C(C=O)(C(CNC)O)O)=O
3	C(C(CO)(C(C(C=O)O)O)N)(O)=O
3	C(C(C(CO)(C)O)(C(C=O)O)O)=O
3	C(CO)(C(CO)(C(CO)(C)O)O)=O
3	C(C(C(O)=O)(C(C)(CO)O)N)(O)=O
3	C(C(CO)(C(C)(CO)O)N)(O)=O
3	C(C(C(C)O)(C(C=O)O)O)=O
3	C(C(C(CNC)O)(C(C=O)O)O)=O
3	C(CO)(C(CO)(C(C)O)O)=O
3	C(CNC)(C(CO)(C(C)O)O)=O
3	C(C(C(CO)O)(C(C)O)O)(O)=O
3	C(C(C(CO)O)(C(C)O)N)(O)=O
3	C(C(C(O)=O)(C(C)O)N)(O)=O
3	C(C(C(C)O)(C(C(O)=O)O)N)(O)=O
3	C(C(C(C)O)(C(C(O)=O)N)O)(O)=O
3	C(C(CO)(C(C)O)N)(O)=O
3	C(CC=O)(C(C(C)=O)(C(C)O)O)=O
3	C(C(C(CC(C)=O)=O)(C(C)O)O)=O
3	C(C(C(CCC=O)=O)(C(C)O)O)=O
3	C(C(C(C=CCO)=O)(C(C)O)O)=O
3	C(C=CC(C(CO)(C(C)O)O)=O)=O
3	C(C(C(C)O)(C(C(C=C)=O)O)O)=O
3	C(C(C(C(C=C)=O)(C(C)O)O)O)=O
3	C(C(C(C)O)(C(C=CC=O)O)O)=O
3	C(C(C(C)O)(C(CO)NC)O)=O
3	C(CO)(C(CO)(C(CNC)O)O)=O
3	C(C(C(O)=O)(C(CNC)O)N)(O)=O
3	C(C(CO)(C(CNC)O)N)(O)=O
3	C(C(C(C)=O)(C(CO)O)O)=O
3	C(C)(C(CO)(C(CO)O)O)=O
3	C(C(C(CO)O)(C(C(C)=O)O)O)=O
3	C(C)(C(C(CO)O)(C(C=O)O)O)=O
3	C(C(C=O)(C(CO)O)O)=O
3	C(C(C(CO)O)(C(C=O)O)O)=O
3	C(CO)(C(CO)(C(CO)O)O)=O
3	C(CNC)(C(CO)(C(CO)O)O)=O
3	C(C(C(CO)O)(C(CO)O)N)(O)=O
3	C(C(C(O)=O)(C(CO)O)N)(O)=O
3	C(C(CO)(C(CO)O)N)(O)=O
3	C(C(C(CO)O)(C(CO)NC)O)=O
3	C(C(C(CO)O)(C(C=O)(C)O)O)=O
3	C(C(C(CO)O)(C(CO)(C)O)O)=O
3	C(C(C(CO)O)(C(C)O)O)=O
3	C(C(C(CO)O)(C(CNC)O)O)=O
3	C(C(C(O)=O)(C=O)O)(O)=O
3	C(C(C=O)(C(C(O)=O)O)O)(O)=O
3	C(C(C(O)=O)(C(C=O)O)O)(O)=O
3	C(C(C=O)(CO)O)(O)=O
3	C(C(C=O)(C(C)=O)O)(O)=O
3	C(C(C(C)=O)(CO)O)(O)=O
3	C(C(C(C)=O)(C(C=O)O)O)(O)=O
3	C(C(C=O)(C=O)O)(O)=O
3	C(C(C(CO)=O)(CO)O)(O)=O
3	C(C(C(CNC)=O)(CO)O)(O)=O
3	C(C(C(O)=O)(C(O)=O)N)(O)=O
3	C(C(C(O)=O)(C(C(O)=O)O)N)(O)=O
3	C(C(C(O)=O)(C(C(O)=O)N)O)(O)=O
3	C(C(C(O)=O)(CO)N)(O)=O
3	C(C(C(CC=O)=O)(C(C)=O)O)(O)=O
3	C(C(C=O)(C(CC(C)=O)=O)O)(O)=O
3	C(C(C=O)(C(CCC=O)=O)O)(O)=O
3	C(C(C=O)(C(C=CCO)=O)O)(O)=O
3	C(C(C(C=CC=O)=O)(CO)O)(O)=O
3	C(C(C=O)(C(C(C=C)=O)O)O)(O)=O
3	C(C(C(C=C)=O)(C(C=O)O)O)(O)=O
3	C(C(C=O)(C(C=CC=O)O)O)(O)=O
3	C(C(C=O)(C(CO)NC)O)(O)=O
3	C(C(CO)(C(C(O)=O)O)O)=O
3	C(C(C(C)=O)(C(C(O)=O)O)O)=O
3	C(C)(C(CO)(C(C(O)=O)O)O)=O
3	C(C(C=O)(C(C(O)=O)O)O)=O
3	C(CO)(C(CO)(C(C(O)=O)O)O)=O
3	C(C(CO)(C(C(O)=O)O)N)(O)=O
3	C(C(CO)(C(C=O)O)O)(O)=O
3	C(C(CO)(CO)O)=O
3	C(CO)(C(CO)(CO)O)=O
3	C(CC(C(C(CO)(CO)O)=O)O)=O
3	C(C(CO)(C(C=O)O)O)(C(C)O)=O
3	C(CC(C(C(CO)=O)(CO)O)O)=O
3	C(CNC)(C(CO)(CO)O)=O
3	C(C(CO)(C(C(O)=O)N)O)(O)=O
3	C(C(CO)(CO)N)(O)=O
3	C(CC=O)(C(C(C)=O)(CO)O)=O
3	C(C(C(CC(C)=O)=O)(CO)O)=O
3	C(C(C(CCC=O)=O)(CO)O)=O
3	C1(C(CO)C(C(C(CO)O)O1)O)=O
3	C1(COC(C(CO)O)C1(CO)O)=O
3	C1(CC(OC1(CO)C(CO)O)O)=O
3	C(C)(C1(CO)C(C(C(O1)O)O)O)=O
3	C1(C(CO)C(C(C(CO)O1)O)O)=O
3	C1(COC(CO)C(C1(CO)O)O)=O
3	C1(CC(O)OC(CO)C1(CO)O)=O
3	C1(CC(CO)OC(C1(CO)O)O)=O
3	C1(CC(C(OC1(CO)CO)O)O)=O
3	C1(C(CO)C(C(C(CO1)O)O)O)=O
3	C1(COCC(C(C1(CO)O)O)O)=O
3	C1(CC(O)OCC(C1(CO)O)O)=O
3	C1(CC(COC(C1(CO)O)O)O)=O
3	C1(CC(C(O)OCC1(CO)O)O)=O
3	C1(CCOC(C(C1(CO)O)O)O)=O
3	C(CCN)(C(CO)(C(CO)O)O)=O
3	C(CC(CO)O)(C(CO)(CN)O)=O
3	C(CC(CN)O)(C(CO)(CO)O)=O
3	C(CCO)(C(CO)(C(CN)O)O)=O
3	C(C)(C(CO)(C(C(CN)O)O)O)=O
3	C(C(C(C=CCO)=O)(CO)O)=O
3	C(C=CC(C(CO)(CO)O)=O)=O
3	C(C(CO)(C(C(C=C)=O)O)O)=O
3	C(C(C(C(C=C)=O)(CO)O)O)=O
3	C(C(CO)(C(C=CC=O)O)O)=O
3	C(C(CO)(C(CO)NC)O)=O
3	C(C(CO)(C1(CC(CO1)O)O)O)=O
3	C(C1(CO)C(CC(CO)(O1)O)O)=O
3	C(C1(CO)C(C(C(C)(O1)O)O)O)=O
3	C(C(CO)(C1C(CC(O)O1)O)O)=O
3	C(C1(CO)C(C(CC(O1)O)O)O)=O
3	C(C(CO)(C(CC(CO)O)N)O)=O
3	C(C(CO)(C(C(CCO)N)O)O)=O
3	C(C(CO)(C(CC(CO)N)O)O)=O
3	C(C(CO)(C(C(C(C)N)O)O)O)=O
3	C(C(CO)(C(C(CCN)O)O)O)=O
3	C(C1(C(C(C(C1)O)O)O)O)=O
3	C1(C(C(C(C1(C)O)O)O)O)=O
3	C(C1(CC(C(C1O)O)O)NC)=O
3	C1(C(C(C(C1(C)NC)O)O)O)=O
3	C(C1(C(CC(C1)=O)O)O)=O
3	C(C1C(C(C(CO)N1)O)O)(O)=O
3	C(C(C(C(C(O)=O)O)O)O)(O)=O
3	C(C(C(C(CO)O)O)(CC=O)O)=O
3	C(C(C(C(CO)O)O)O)(O)=O
3	C(C(C(CO)(CO)O)(CC=O)O)=O
3	C(C(C(CO)(CO)O)O)(O)=O
3	C(CC(C=O)(C(C(C)=O)O)O)=O
3	C(CC(C=O)(C(C=O)(C)O)O)=O
3	C(C(C(C(C)=O)O)NCC=O)(O)=O
3	C(CNC(C(O)=O)C(C=O)(C)O)=O
3	C(C(C)(C(C(O)=O)O)O)=O
3	C(CC(CO)(C(C(O)=O)O)O)=O
3	C(C(C(C)(C(C=O)O)O)O)(O)=O
3	C(C(C(C=O)(CC(CO)=O)O)O)=O
3	C(CC(C=O)(C(C=O)O)O)=O
3	C(C(C(C=O)O)NCC=O)(O)=O
3	C(C(C(C)(C(CO)O)O)O)(O)=O
3	C(C(C(C)O)(CC(CO)=O)O)=O
3	C(C(CCO)(C(C(O)=O)O)O)=O
3	C(C(C(CO)(CCO)O)O)(O)=O
3	C(C(C(C(C=O)(CC=O)O)O)O)=O
3	C(C(C(CO)(C)O)(CC=O)O)=O
3	C(C(C(C)(CO)O)NCC=O)(O)=O
3	C(C(C(CO)(C)O)O)(O)=O
3	C(C(C(C)O)(CC=O)O)=O
3	C(C(C(CNC)O)(CC=O)O)=O
3	C(C(C(C)O)NCC=O)(O)=O
3	C(C(C(C)O)O)(O)=O
3	C(C)(C(C(C)O)(CC(C=O)=O)O)=O
3	C(C(C(C)O)(CC=O)O)(CC=O)=O
3	C(C(C(C)O)(CC(C(C)=O)=O)O)=O
3	C(C(C(C)O)(CC(CC=O)=O)O)=O
3	C(C(C=CC(CO)=O)(C(C)O)O)=O
3	C(C(C(CNC)O)NCC=O)(O)=O
3	C(C(C(CNC)O)O)(O)=O
3	C(C(C(CNCC(O)=O)O)O)(O)=O
3	C(C(C(C(C(O)=O)O)O)N)(O)=O
3	C(C(C(C(CO)O)O)N)(O)=O
3	C(C(C(CO)(CO)O)N)(O)=O
3	C(C(C(C(C)=O)O)N)(O)=O
3	C(C(C)(C(C(O)=O)N)O)=O
3	C(C(C(CC(CO)=O)O)N)(O)=O
3	C(CC(CO)(C(C(O)=O)N)O)=O
3	C(C(C(C(C(C)=O)O)O)N)(O)=O
3	C(C(C(C)(C(C=O)O)O)N)(O)=O
3	C(C(C(C=O)O)N)(O)=O
3	C(C(C(C)(C(CO)O)O)N)(O)=O
3	C(C(C(C(CCO)=O)O)N)(O)=O
3	C(C(CCO)(C(C(O)=O)N)O)=O
3	C(C(C(CO)(CCO)O)N)(O)=O
3	C(C(C(C(C=O)O)O)N)(O)=O
3	C(C(C(C)(CO)O)N)(O)=O
3	C(CC(C(C(C(O)=O)N)O)O)=O
3	C(C(C(CC(C=O)O)O)N)(O)=O
3	C(C(C(C(C(C=O)O)O)O)N)(O)=O
3	C(C(C(C)O)N)(O)=O
3	C(C(C(CO)(C(CO)O)O)N)(O)=O
3	C(C(C(CNC)O)N)(O)=O
3	C(C(C(CNCC(O)=O)O)N)(O)=O
3	C(C(C(CO)O)(CC(CO)=O)O)=O
3	C(C(C(CO)O)(CC=O)O)=O
3	C(C(C=O)(CC(CO)=O)O)(O)=O
3	C(C(C=O)(CC=O)O)(O)=O
3	C(C(C(C)=O)(CC(C=O)=O)O)(O)=O
3	C(C(C(CC=O)=O)(CC=O)O)(O)=O
3	C(C(C=O)(CC(C(C)=O)=O)O)(O)=O
3	C(C(C=O)(CC(CC=O)=O)O)(O)=O
3	C(C(C=O)(C=CC(CO)=O)O)(O)=O
3	C(C(C(C=O)(CC=O)O)O)(O)=O
3	C(C(CO)(CC=O)O)=O
3	C(C(CO)(CC=O)O)(C(CO)O)=O
3	C(C(C(CO)(CC(CO)O)O)=O)=O
3	C(C(CC(C(CO)=O)(CO)O)O)=O
3	C(C(C(C(CO)(CCO)O)=O)O)=O
3	C(CO)(C(CO)(CC(CO)=O)O)=O
3	C(C(CO)(CC(C(C=O)O)O)O)=O
3	C(C(C(C=O)O)O)(C(CO)(C)O)=O
3	C(C(CO)(CC(C(CO)O)O)N)=O
3	C(C)(C(CO)(CC(C=O)=O)O)=O
3	C(C(CO)(CC=O)O)(CC=O)=O
3	C(C(CO)(CC(C(C)=O)=O)O)=O
3	C(C(CO)(CC(CC=O)=O)O)=O
3	C1(C(CO)(O)OC(C(CO)O)C1)=O
3	C1(C(CO)(O)OC(C(C1)O)CO)=O
3	C1(C(CO)(O)OCC(C(C1)O)O)=O
3	C(C(C=CC(CO)=O)(CO)O)=O
3	C(C(CO)(CC(C(CO)O)N)O)=O
3	C(C(C(CO)O)OC(CO)=O)=O
3	C(C(C(CO)OC(CO)=O)O)=O
3	C(C(C(COC(CO)=O)O)O)=O
3	C(C(CN)O)O
3	C(C(C(C(CN)O)O)O)O
3	C(C(CN)O)(O)=O
3	C1(C(C(CO)O)NCC1)=O
3	C1(C(CO)NCC(C1)O)=O
3	C(C)(C1C(C(CN1)O)O)=O
3	C(C1C(CC(CO)N1C)=O)=O
3	C1(CC(C=O)N(C)C1CO)=O
3	C1(C(C(C=O)O)N(C)CC1)=O
3	C1(C(C(C(C1CO)O)O)N)=O
3	C1(C(C(C(C(C1)O)O)O)N)=O
3	C(C(C(C(C(CO)O)N)=O)CO)=O
3	C(C(C(C(CO)C(CO)O)=O)N)=O
3	C(C(CO)C(C=O)O)(C(CO)N)=O
3	C(C(C(C=O)O)N)(C(CO)CO)=O
3	C(C(CO)N)(CC(C(C=O)O)O)=O
3	C(C(C(C(C=O)O)O)N)(CCO)=O
3	C(C(C(C(C(CO)O)O)N)=O)=O
3	C(C)(C(C=O)N(C)CC=O)=O
3	C(C(CO)NC(C=O)C(C)=O)(O)=O
3	C(C(C(C)=O)N)=O
3	C(C(C(C)=O)NCCO)=O
3	C(C)(C(CO)N(C)CC=O)=O
3	C(C(CO)NC(C(C)=O)CO)(O)=O
3	C(C)(C(CO)N)=O
3	C(C)(C(CO)NCCO)=O
3	C(C(C(C=O)O)N(C)CC=O)(C)=O
3	C(C(C(C(C)=O)N)O)=O
3	C(C(C(C=O)O)NCCO)(C)=O
3	C(CCO)(C(C(CO)=O)N)=O
3	C(C(C(C(CCO)O)=O)N)=O
3	C(CO)(C(C(C(C)=O)O)N)=O
3	C(C)(C(C(C(CO)=O)O)N)=O
3	C(C(C(C=O)O)N)(C(C)O)=O
3	C(CN(C)C(C(CNC)=O)CO)=O
3	C(CN(C)C(C(C)=O)CC(C=O)=O)=O
3	C(CC(C(C(C)=O)N(C)CC=O)=O)=O
3	C(C)(CC(C(C=O)N(C)CC=O)=O)=O
3	C(CN(C)C(C=O)C(CCC=O)=O)=O
3	C(CN(C)C(C=O)C(C=CCO)=O)=O
3	C(CN(C)C(C(C=CC=O)=O)CO)=O
3	C(CN(C)C(C(C=C)=O)C(C=O)O)=O
3	C(CNC)(C(CO)N)=O
3	C(CNC)(C(CO)NCCO)=O
3	C(C(CO)NC)(C(C(CO)O)N)=O
3	C(CC(C(C(CO)N)=O)NC)=O
3	C(C(CO)N)(CC(CNC)=O)=O
3	C(CCO)(C(C(CNC)=O)N)=O
3	C(C(C(C(CCO)NC)=O)N)=O
3	C(CC(C(CNC)=O)N)(CO)=O
3	C(C(C(C(C)=O)O)N)(CNC)=O
3	C(C(C(C(CNC)=O)O)N)(C)=O
3	C(C(C(C=O)O)N)(C(C)NC)=O
3	C(CC(C(C(CNC)=O)N)O)=O
3	C(CNCC(O)=O)(C(CO)N)=O
3	C(CNC)(C(C(C(CO)O)O)N)=O
3	C(C(C(CO)O)N)(CCO)=O
3	C(C(CO)N)(CC(CO)O)=O
3	C(C)(C(C(C(CO)O)O)N)=O
3	C(CC(C(C(CO)O)N)=O)(O)=O
3	C(C(C(CC(CO)O)=O)N)(O)=O
3	C(CC(C(O)=O)O)(C(CO)N)=O
3	C(C(C(C(O)=O)O)N)(CCO)=O
3	C(C(C(C(C(C)=O)N)O)O)(O)=O
3	C(C(CO)(C(C(CCO)=O)N)O)=O
3	C(C(CO)(C(C(C(C)=O)N)O)O)=O
3	C(C(CO)(CC(C(CO)N)=O)O)=O
3	C(C)(C(CC(C=O)=O)N)=O
3	C(C(CC(C=O)=O)NCCO)(C)=O
3	C(CC(C(C(C)=O)N)=O)=O
3	C(CC(C(C(C)=O)NCCO)=O)=O
3	C(C(C=O)N)(CC(C)=O)=O
3	C(C(C=O)NCCO)(CC(C)=O)=O
3	C(C(C(CCC=O)=O)N)=O
3	C(C(C(CCC=O)=O)NCCO)=O
3	C1(COC(C(CO)O)C1N)=O
3	C1(COC(CO)C(C1N)O)=O
3	C1(C(C(CO)OC(C1)O)N)=O
3	C1(C(C(O)OC(CO)C1)N)=O
3	C1(COCC(C(C1N)O)O)=O
3	C1(C(C(COC(C1)O)O)N)=O
3	C1(C(C(O)OCC(C1)O)N)=O
3	C1(C(COC(C(C1)O)O)N)=O
3	C1(C(C(C(O)OCC1)O)N)=O
3	C(C(C(CO)O)N)(CCN)=O
3	C(C(CN)N)(CC(CO)O)=O
3	C(C(CO)N)(CC(CN)O)=O
3	C(C(C(CN)O)N)(CCO)=O
3	C(C)(C(C(C(CN)O)O)N)=O
3	C(C(C(C=CCO)=O)N)=O
3	C(C(C(C=CCO)=O)NCCO)=O
3	C(C=CC(C(CO)N)=O)=O
3	C(C=CC(C(CO)NCCO)=O)=O
3	C(C(C(C(C=C)=O)N)O)=O
3	C(C(C(C(C=C)=O)NCCO)O)=O
3	C(CO)(C(C(C(CO)O)NC)N)=O
3	C(CC(C(C(CO)NC)N)=O)=O
3	C(C(C(CC(CO)NC)=O)N)=O
3	C(CC(C=O)NC)(C(CO)N)=O
3	C(CC(C=O)O)(C(CNC)N)=O
3	C(C(C(C=O)NC)N)(CCO)=O
3	C(C(C(C=O)O)N)(CCNC)=O
3	C(C(C(C(C(C)=O)N)NC)O)=O
3	C(C(C(C)=O)NCC(O)=O)=O
3	C(C)(C(CO)NCC(O)=O)=O
3	C(CNC(C(C)=O)C(C=O)O)(O)=O
3	C(C(C(C(C(CO)O)O)NC)=O)=O
3	C(C(CC(C=O)=O)NC)(C)=O
3	C(CC(C(C(C)=O)NC)=O)=O
3	C(C(C=O)NC)(CC(C)=O)=O
3	C(C(C(CCC=O)=O)NC)=O
3	C1(COC(C(CO)O)C1NC)=O
3	C1(COC(CO)C(C1NC)O)=O
3	C1(C(C(CO)OC(C1)O)NC)=O
3	C1(C(C(O)OC(CO)C1)NC)=O
3	C1(COCC(C(C1NC)O)O)=O
3	C1(C(C(COC(C1)O)O)NC)=O
3	C1(C(C(O)OCC(C1)O)NC)=O
3	C1(C(COC(C(C1)O)O)NC)=O
3	C1(C(C(C(O)OCC1)O)NC)=O
3	C(C(C(CO)O)NC)(CCN)=O
3	C(C(CN)NC)(CC(CO)O)=O
3	C(C(CO)NC)(CC(CN)O)=O
3	C(C(C(CN)O)NC)(CCO)=O
3	C(C)(C(C(C(CN)O)O)NC)=O
3	C(C(C(C=CCO)=O)NC)=O
3	C(C=CC(C(CO)NC)=O)=O
3	C(C(C(C(C=C)=O)NC)O)=O
3	C(CC(C(C(CO)NC)NC)=O)=O
3	C(C(C(CC(CO)NC)=O)NC)=O
3	C(CC(C=O)NC)(C(CO)NC)=O
3	C(CC(C=O)O)(C(CNC)NC)=O
3	C(C(C(C=O)NC)NC)(CCO)=O
3	C(C(C(C=O)O)NC)(CCNC)=O
3	C(C(C(C(C(C)=O)NC)NC)O)=O
3	C(C(C(CO)C(C(CO)O)O)N)=O
3	C(C(C(CC(CO)O)O)N)=O
3	C(C(C(CC(CO)O)NC)N)=O
3	C(CC(C=O)N)(CCO)=O
3	C(C(CCC(CO)=O)N)=O
3	C(C(CC(C(C)=O)O)N)=O
3	C(CC(CC(C=O)N)O)=O
3	C(C(C=CC(CO)O)N)=O
3	C(C(CC(C(CO)O)NC)N)=O
3	C(CN)(CCO)=O
3	C(CCO)(CC(CN)=O)=O
3	C(CO)(CCC(CN)=O)=O
3	C(C)(C(CC(CN)=O)O)=O
3	C(CC(CC(CN)=O)O)=O
3	C(C(CO)O)=CC(CN)=O
3	C(CN)(CC(C(CO)O)NC)=O
3	C(C(CNC)N)(CC(CO)O)=O
3	C(CC(C(CCO)N)=O)=O
3	C(CC(C(CCO)=O)N)=O
3	C(CC(C=O)O)(C(C)N)=O
3	C(C(CC(C(C)=O)N)O)=O
3	C(CNCC=O)=O
3	C(CNCC=O)(C(CO)O)=O
3	C(C(C(CO)NCC=O)O)=O
3	C(C(C)NCC=O)=O
3	C(C(C)NCC(C(CO)O)=O)=O
3	C(C(C)NC(CO)C(C=O)O)=O
3	C(C(CCO)NCC=O)=O
3	C(CC(C=O)NCC=O)(CCO)=O
3	C(CNC(C=O)CCC(CO)=O)=O
3	C(C)(C(CC(C=O)NCC=O)O)=O
3	C(CC(CC(C=O)NCC=O)O)=O
3	C(C(C=CC(CO)O)NCC=O)=O
3	C(CNCC(C)=O)=O
3	C(CNCC(C(CO)O)=O)(C)=O
3	C(C(C(CO)NCC(C)=O)O)=O
3	C(CNCC=O)(CCO)=O
3	C(CCO)(CC(CNCC=O)=O)=O
3	C(CNCC(CCC(CO)=O)=O)=O
3	C(CNCC(CC(C(C)=O)O)=O)=O
3	C(CC(CC(CNCC=O)=O)O)=O
3	C(CNCC(C=CC(CO)O)=O)=O
3	C(C(CCO)NCC=O)(CC=O)=O
3	C(CNC(C(CCO)=O)CC=O)=O
3	C(CC(C=O)O)(C(C)NCC=O)=O
3	C(C)(C(CC(C=O)O)NCC=O)=O
3	C#CC(C(C(CO)O)O)O
3	C(CC(C(C(CO)O)O)O)(N)=O
3	C(C(C(C(C(CO)O)O)O)O)(N)=O
3	C(CC(C(C(CO)O)O)O)(NC)=O
3	C1(CC(C(C1CO)=O)O)=O
3	C1(C(CO)CC(C1O)=O)=O
3	C(CC(C(O)=O)=O)=O
3	C(C(C(CC(C(C)=O)=O)O)O)=O
3	C(CC(C(C=O)O)O)(CC=O)=O
3	C(C(C)=O)(C(C(CO)O)O)=O
3	C1(CCC(C1(CO)O)=O)=O
3	C1(C(CO)(CC(C1)=O)O)=O
3	C(C(C(C(O)=O)=O)C(CO)O)=O
3	C(C(C=O)C(CO)O)=O
3	C(C(C(CC=O)=O)C(CO)O)=O
3	C(C(C=O)C(CC(CO)O)=O)=O
3	C(C(C=O)C(C(CCO)=O)O)=O
3	C(CCO)(C(C=O)C(C=O)O)=O
3	C(C(C=O)C(CC(CO)=O)O)=O
3	C(C(C=O)C(C(C(C)=O)O)O)=O
3	C(C(C(C(C=O)C(C)=O)O)O)=O
3	C(C(C=O)C(C(CC=O)O)O)=O
3	C(C(C=O)CC(C(CO)O)=O)=O
3	C(C(C(C)=O)N)(O)=O
3	C(CC(C(O)=O)N)=O
3	C(CC(C(O)=O)N)(C(CO)O)=O
3	C1(CC(C(C(C)=O)O1)O)=O
3	C1(CC(C(CC=O)O1)O)=O
3	C1(COC(C(C)=O)C1O)=O
3	C(CC1C(C(CO1)=O)O)=O
3	C(C)(C1CC(C(O)O1)=O)=O
3	C(CC1CC(C(O)O1)=O)=O
3	C1(CC(OC1C(C)=O)O)=O
3	C(CC1C(CC(O1)O)=O)=O
3	C1(CC(CC(CO)O1)=O)=O
3	C1(CCC(OC1CO)=O)=O
3	C1(C(COC(CO)C1)=O)=O
3	C1(C(CO)OCC(C1)=O)=O
3	C1(CC(CC(CO1)O)=O)=O
3	C1(CCC(OCC1O)=O)=O
3	C1(CC(C(CCO1)=O)O)=O
3	C1(CC(CC(CO1)=O)O)=O
3	C1(C(COCC(C1)O)=O)=O
3	C1(C(COCC(C1)=O)O)=O
3	C1(CCOCC(C1O)=O)=O
3	C1(COCC(CC1O)=O)=O
3	C1(CCOC(C(C1)=O)O)=O
3	C1(COC(C(CC1)=O)O)=O
3	C1(C(CC(O)OCC1)=O)=O
3	C1(CC(OCC(C1)=O)O)=O
3	C(C(CCN)=O)(CCO)=O
3	C(CCN)(CC(CO)=O)=O
3	C(CCN)(C(C(C)=O)O)=O
3	C(CC(C(CCN)=O)O)=O
3	C(C(CN)O)(CC(C)=O)=O
3	C(CCC=O)(C(CN)O)=O
3	C(C(C)=O)(CC(CN)O)=O
3	C(CC(CC(CN)O)=O)=O
3	C(C(C=CC(C)=O)=O)=O
3	C(CC=CC(C=O)=O)=O
3	C(C=CC(C(C)=O)=O)=O
3	C(CC(C=CC=O)=O)=O
3	C=CC(CC(C=O)=O)=O
3	C(CC(C(C=C)=O)=O)=O
3	C(CC(C=O)=O)=CC=O
3	C(N)=CC(CC(CO)O)=O
3	C(C(CO)O)(CC=CN)=O
3	C(CCO)(C(C=CN)O)=O
3	C(CO)(CC(C=CN)O)=O
3	C(C)(C(C(C=CN)O)O)=O
3	C(CC(C(C=CN)O)O)=O
3	C(CC(CC(C=O)=O)NC)=O
3	C(C(CC(C(C)=O)=O)NC)=O
3	C(CCNC)(CC(C=O)=O)=O
3	C(CC(C(CCNC)=O)=O)=O
3	C1(COCC1O)=O
3	C1(C(O)OCC1)=O
3	C(C1C(C(C(CO)O1)O)O)=O
3	C1(C(CO)OC(CO)C1O)=O
3	C1(C(CO)(O)OC(CO)C1)=O
3	C1(C(CO)OC(CO)(C1)O)=O
3	C(CC1C(C(CO1)O)=O)=O
3	C(CC1(C(CCO1)=O)O)=O
3	C(CC1(CC(CO1)=O)O)=O
3	C(C(C1CC(CO1)O)=O)=O
3	C(C1C(CC(C=O)O1)O)=O
3	C(C1C(CC(C)(O1)O)=O)=O
3	C1(CC(C=O)OC1(C)O)=O
3	C(C1C(C(C(C)O1)=O)O)=O
3	C(C1C(C(C(CO1)O)O)O)=O
3	C1(C(CO)OCC(C1O)O)=O
3	C1(C(CO)(O)OCC(C1)O)=O
3	C1(C(COC(CO)(C1)O)O)=O
3	C1(C(C(CO)(O)OCC1)O)=O
3	C1(COC(CO)(C(C1)O)O)=O
3	C1(CC(C=O)(O)OCC1)=O
3	C(C1(CCC(CO1)=O)O)=O
3	C(C1C(CCC(O1)O)=O)=O
3	C1(CC(C=O)OC(C1)O)=O
3	C(CC(CN)O)=O
3	C(C(CO)O)(CC(CO)N)=O
3	C(C(C(CO)N)O)(CCO)=O
3	C(CO)(CC(C(CO)N)O)=O
3	C(C)(C(C(C(CO)N)O)O)=O
3	C(CC(C(C(CO)N)O)O)=O
3	C(CC(CC(CO)=O)N)=O
3	C(CC(C(C(C)=O)O)N)=O
3	C(CC(C(CC=O)N)O)=O
3	C(C(C(CC(C)=O)N)O)=O
3	C(CCC(C(C=O)O)N)=O
3	C(CC(CC(C=O)O)N)=O
3	C(C(CC(CCO)N)=O)=O
3	C(C(CCC(CO)N)=O)=O
3	C(CC(CC(CO)N)=O)=O
3	C(C(CC(C(C)N)O)=O)=O
3	C(CC(C(C(C)N)O)=O)=O
3	C(C(C(CC(C)N)=O)O)=O
3	C(C(CC(CCN)O)=O)=O
3	C(CC(C(CCN)O)=O)=O
3	C(C(C(CCCN)=O)O)=O
3	C(CC(C=O)O)(CCN)=O
3	C1(C(CC(C(CO)O)O1)=O)=O
3	C1(CC(C(C(CO)O)O1)=O)=O
3	C1(C(C(C(C(C)=O)O1)O)O)=O
3	C(CC1C(C(C(O1)=O)O)O)=O
3	C1(C(CC(C(CO)O1)O)=O)=O
3	C1(CC(C(C(CO)O1)O)=O)=O
3	C1(C(C(CC(CO)O1)=O)O)=O
3	C1(CC(C(OC1CO)=O)O)=O
3	C1(C(CC(C(CO1)O)O)=O)=O
3	C1(CC(C(C(CO1)O)O)=O)=O
3	C1(C(C(CC(CO1)O)=O)O)=O
3	C1(CC(C(OCC1O)=O)O)=O
3	C1(C(C(C(OCC1)=O)O)O)=O
3	C1(C(C(CC(CO1)=O)O)O)=O
3	C1C(C(C(C=1CO)=O)O)O
3	C=C1C(C(C(C1O)O)O)=O
3	C1C(C(C(C=1C=O)O)O)O
3	C(C(CO)O)=C(C(C=O)=O)CO
3	C=C(C(C=O)=O)C(C(CO)O)O
3	C=C(C=O)C(C(C(CO)O)O)=O
3	C(C(C(C(CO)=CCO)=O)O)=O
3	C(C(C(C(C(CO)O)=C)=O)O)=O
3	C(C(CO)=CC=O)(C(CO)O)=O
3	C(C(C(C(C(CO)O)=O)=C)O)=O
3	C(C(C(C(C(CO)=C)=O)O)O)=O
3	C(C(C=C(C(CO)=O)CO)O)=O
3	C(C(C(C(C(CO)=O)=C)O)O)=O
3	C(C(C(C(C(C=C)=O)O)O)O)=O
3	C(C(C(C=C(C=O)CO)O)O)=O
3	C(C(C(C(C(C=O)=C)O)O)O)=O
3	C(C(C(CO)O)O)=CC(O)=O
3	C(C(C(CO)O)O)=C(C=O)NC
3	C=C(C(C(C(CO)O)O)=O)NC
3	C(C(C(C(C=C)O)O)O)=O
3	C(C1(C=CC(C1O)O)O)=O
3	C(C=C(C=O)CO)(C(CO)O)=O
3	C(CO)=C(C(O)=O)N
3	C(C(C(CO)O)O)=C(C(O)=O)N
3	C(C(N)=CC(O)=O)(O)=O
3	C=C(C(O)=O)N
3	C(C(CO)O)=C(C(CO)=O)NC
3	C(CC(C(NC)=CCO)=O)=O
3	C(C(CC(C(NC)=C)=O)O)=O
3	C(C(NC)=CC=O)(CCO)=O
3	C(C(C=C(C(C)=O)NC)O)=O
3	C1C(C(CO)O)OC(C=1)=O
3	C1OC(C(C=1)=O)C(CO)O
3	C1C(C(CO)OC(C=1)=O)O
3	C1C(CO)OC(C(C=1)=O)O
3	C1OC(CO)C(C(C=1)=O)O
3	C1C(OC(C(C=1)=O)CO)O
3	C1C(C(COC(C=1)=O)O)O
3	C1C(COC(C(C=1)=O)O)O
3	C1OCC(C(C(C=1)=O)O)O
3	C1COC(C(C(C=1)=O)O)O
3	C1C(O)OCC(C(C=1)=O)O
3	C1C(C(OCC(C=1)=O)O)O
3	C(CO)=CC(C(CN)O)=O
3	C(CN)=CC(C(CO)O)=O
3	C=CC(C(C(CN)O)O)=O
3	C(C(CN)O)=CC(CO)=O
3	C(C(C(CN)O)O)=CC=O
3	C(CO)(NC)=CC=O
3	C(C(C(NC)=C)O)=O
3	C(C(CO)O)(NC)=CC(CO)=O
3	C(CO)(C(C(NC)=CCO)O)=O
3	C(CO)=C(CC(C=O)=O)NC
3	C(CC(C=C(CO)NC)=O)=O
3	C(CC(C(C(NC)=C)O)=O)=O
3	C(C(C=O)O)(CC(NC)=C)=O
3	C(C=CC(C(CNC)O)=O)=O
3	C(C(CC(C=CNC)=O)O)=O
3	C(C(NC)=CC(CCO)=O)=O
3	C(C(C(C(C=C)=O)O)NC)=O
3	C(CO)(CC(NC)=CC=O)=O
3	C(C)(C(C(NC)=CC=O)O)=O
3	C(C(C(NC)=CC(C)=O)O)=O
3	C(CC(C(NC)=CC=O)O)=O
3	C(CC=C(C(C=O)O)NC)=O
3	C(C(C(C=CC=O)NC)O)=O
3	C(CC(NC)=CC(C=O)O)=O
3	C(CNC(CO)=CC=O)(O)=O
3	C(C(C(NCC(O)=O)=C)O)=O
3	C(C(C(CO)O)O)(NC)=CC=O
3	C(C(C(NC)=CC(CO)O)O)=O
3	C1C(C(CO)OC=1C=O)O
3	C(C1(C=CC(CO)O1)O)=O
3	C1(C(C(CO1)O)O)=CC=O
3	C(C(C1OCC(C=1)O)O)=O
3	C(C(C1(C=CCO1)O)O)=O
3	C(C1C=CC(CO)(O1)O)=O
3	C(C1C(C=C(CO)O1)O)=O
3	C(C1C(C(C(O1)=C)O)O)=O
3	C(C(C1C=CC(O)O1)O)=O
3	C(C(C1C(C=CO1)O)O)=O
3	C1C(C(COC=1C=O)O)O
3	C(C1(C=CC(CO1)O)O)=O
3	C(C1C(C=CC(O)O1)O)=O
3	C(C1C(C(C=CO1)O)O)=O
3	C=CN
3	C(C(CO)O)=CN
3	C=C(C(C(C(CO)O)O)O)N
3	C(C(C(CO)O)O)=C(CO)N
3	C(CC(N)=CC(CO)O)=O
3	C(CC(CO)O)(N)=CC=O
3	C(C(C(C=CCO)N)O)=O
3	C(C(CC(N)=CCO)O)=O
3	C(C(C(CO)O)N)=CC=O
3	C(C(C=C(CCO)N)O)=O
3	C(C(C(C(C=C)N)O)O)=O
3	C(C(C(CC(N)=C)O)O)=O
3	C(C(C=CC(CO)N)O)=O
3	C(C(C(C=C(C)N)O)O)=O
3	C(C(C(C=CCN)O)O)=O
3	C(C1(C(C(C(C1O)O)O)O)O)O
3	C1(C(C(C(C(C1O)O)O)O)O)O
3	C(C(C(C(C(CNC)O)O)O)O)=O
3	C1C(C(C(C(CO)O)(O)O1)O)O
3	C(C(C(C(C(CO)O)N)O)O)O
3	C(C(C(C(C(CN)N)O)O)O)O
3	CNC(CN)C(C(C(CO)O)O)O
3	C(CC(C(O)=O)=O)(O)=O
3	C(C(CCC(CO)O)=O)=O
3	C(C(CCC(CO)=O)O)=O
3	C(CCC(C(C=O)O)O)=O
3	C(C(C(C=O)O)O)(CC)=O
3	C(C(C=CC(CO)O)O)=O
3	C(C(CC(C(CO)O)N)=O)=O
3	C(C(C(CC(CO)N)=O)O)=O
3	C(C(C(C=O)O)O)(CCN)=O
3	C(C(C(CC(CO)=O)N)O)=O
3	C(CC(C(C(C=O)O)O)N)=O
3	C1(C(C(CO)NCC1)O)=O
3	C1(C(CNC(CO)C1)O)=O
3	C1(C(CNCC(C1)O)O)=O
3	C1(C(C(CNCC1)O)O)=O
3	C(CC1C(C(CN1)O)O)=O
3	C1(CC(C=O)N(C)CC1O)=O
3	C(C1C(C(CCN1C)=O)O)=O
3	C(C(C1C(CCN1)O)O)=O
3	C1(C(C(C(C1CO)N)O)O)=O
3	C1(C(C(C(C1CO)O)N)O)=O
3	C1(C(C(C(C1CN)O)O)O)=O
3	C1(C(C(C(C(C1)O)O)N)O)=O
3	C1(C(C(C(C(C1)N)O)O)O)=O
3	C(C1C(C(C(C1N)O)O)O)=O
3	C(C(C(C(O)=O)O)N(C)CC=O)=O
3	C(C(C(C=O)O)N(C)CC=O)(O)=O
3	C(C(C(C=O)N)O)(O)=O
3	C(C(C(C(O)=O)O)NCCO)=O
3	C(C(C(C=O)O)NCCO)(O)=O
3	C(C(CN(C)CC=O)O)=O
3	C(C(CN(CC(O)=O)CC=O)O)=O
3	C(C(C(O)=O)NCC(C=O)O)(O)=O
3	C(C(CO)NCC(C=O)O)(O)=O
3	C(C(CNCCO)O)=O
3	C(C(CNCC(C(CO)O)O)O)=O
3	C(C(C(CO)C(C(CO)O)N)=O)=O
3	C(C(C(CN)C(C(CO)O)O)=O)=O
3	C(C(C(C(C(CO)N)O)=O)CO)=O
3	C(C(C(C(C(CO)O)O)=O)CN)=O
3	C(C(C(C(CO)C(CO)N)=O)O)=O
3	C(C(C(C(CN)C(CO)O)=O)O)=O
3	C(C(CO)C(C=O)N)(C(CO)O)=O
3	C(C(CO)C(C=O)O)(C(CN)O)=O
3	C(C(CN)C(C=O)O)(C(CO)O)=O
3	C(C(C(C(C(CO)CO)=O)O)N)=O
3	C(C(C(C=O)O)O)(C(CO)CN)=O
3	C(C(C(C(C(CO)=O)CO)N)O)=O
3	C(C(C(C(C(CO)=O)CN)O)O)=O
3	C(C(CO)O)(CC(C(C=O)O)N)=O
3	C(C(CN)O)(CC(C(C=O)O)O)=O
3	C(C(C(C(C=O)O)N)O)(CCO)=O
3	C(C(C(C(C=O)O)O)O)(CCN)=O
3	C(C(CO)C(C(C(C=O)O)N)O)=O
3	C(C(CO)C(C(C(C=O)O)O)N)=O
3	C(C(CN)C(C(C(C=O)O)O)O)=O
3	C(C(C(C(C(CO)O)N)O)=O)=O
3	C(C)(C(CN(C)CC=O)O)=O
3	C(C(CO)NCC(C(C)=O)O)(O)=O
3	C(C)(C(CNCCO)O)=O
3	C(CC(C=O)N(C)CC=O)(CO)=O
3	C(C(CC(CO)=O)N)=O
3	C(CC(C=O)NCCO)(CO)=O
3	C(CN(C)CCC(C=O)=O)=O
3	C(C(CO)NCCC(C=O)=O)(O)=O
3	C(C(CCN)=O)=O
3	C(C(CCNCCO)=O)=O
3	C(CN(C)CCC(CO)=O)=O
3	C(C(CO)NCCC(CO)=O)(O)=O
3	C(CO)(CCNCCO)=O
3	C(C(C(C(C)=O)O)N(C)CC=O)=O
3	C(C(C(C(C)=O)O)N)=O
3	C(C(C(C(C)=O)O)NCCO)=O
3	C(C(C(C=O)O)N(C)CC=O)=O
3	C(C(C(C=O)N)O)=O
3	C(C(C(C=O)O)NCCO)=O
3	C(CN(C)CC(C(CO)=O)O)=O
3	C(CO)(C(CN)O)=O
3	C(CO)(C(CNCCO)O)=O
3	C(C(C(CO)O)O)(C(CN)O)=O
3	C(C(C(CO)N)O)(C(CO)O)=O
3	C(CC(C(C(CN)O)=O)O)=O
3	C(C(CO)=O)(CC(CO)N)=O
3	C(C(CN)O)(CC(CO)=O)=O
3	C(CCN)(C(C(CO)=O)O)=O
3	C(C(CC(C(C=O)O)N)O)=O
3	C(C(C(C(C(C)O)=O)O)N)=O
3	C(CC(C(C(CO)=O)O)N)=O
3	C(CNC)(C(CN(C)CC=O)O)=O
3	C(C(C(CO)N(C)CC=O)O)(O)=O
3	C(C(C(CO)N(C)CC=O)N)(O)=O
3	C(CN(C)CC(C(O)=O)N)=O
3	C(CCN(C)CC=O)(CC(C=O)=O)=O
3	C(CC(CC(C=O)=O)N(C)CC=O)=O
3	C(CC(C(CCN(C)CC=O)=O)=O)=O
3	C(CN(C)C(C=O)CC(C(C)=O)=O)=O
3	C(CN(C)CC(C(C=CC=O)=O)O)=O
3	C(C(C(C(C=C)=O)O)N(C)CC=O)=O
3	C(CN(C)C(C=CC=O)C(C=O)O)=O
3	C(CNC)(C(CN)O)=O
3	C(CNC)(C(CNCCO)O)=O
3	C(C(C(C(C(CO)O)O)N)NC)=O
3	C(C(C(CO)O)O)(C(CN)NC)=O
3	C(C(C(CO)N)O)(C(CO)NC)=O
3	C(CC(C(C(CN)O)=O)NC)=O
3	C(C(CNC)=O)(CC(CO)N)=O
3	C(C(CN)O)(CC(CNC)=O)=O
3	C(CCN)(C(C(CNC)=O)O)=O
3	C(C(CC(C(C=O)O)N)NC)=O
3	C(C(C(C(C(C)NC)=O)O)N)=O
3	C(CC(C(C(CNC)=O)O)N)=O
3	C(CNCC(O)=O)(C(CN)O)=O
3	C(CNC)(C(C(C(CO)O)N)O)=O
3	C(C)(C(C(C(CO)O)N)O)=O
3	C(C(C(C(CCO)O)N)O)=O
3	C(C(C(CO)N)O)(O)=O
3	C(C(C(CO)NCCO)O)(O)=O
3	C(C(CC(C(CO)O)N)=O)(O)=O
3	C(CC(C(C(CO)N)O)=O)(O)=O
3	C(C(C(CC(CO)N)=O)O)(O)=O
3	C(CC(C(O)=O)O)(C(CN)O)=O
3	C(C(C(C(O)=O)O)O)(CCN)=O
3	C(C(C(CC(CO)=O)N)O)(O)=O
3	C(C(C(C(C(C)=O)O)N)O)(O)=O
3	C(CC(C(C(C(O)=O)O)N)O)=O
3	C(CC(C(C(C(O)=O)O)O)N)=O
3	C(CC(C(C(C=O)O)N)O)(O)=O
3	C(CC(C(C(C=O)O)O)N)(O)=O
3	C1(CC(C(C1(CO)O)O)N)=O
3	C(C(C(CC(CO)N)=O)(CO)O)=O
3	C(CC(C=O)N)(C(CO)(CO)O)=O
3	C(C(CO)(C(C(CCN)=O)O)O)=O
3	C(C(CO)(C(C=O)O)O)(CCN)=O
3	C(C(CO)(C(CC(CO)=O)N)O)=O
3	C(C(CO)(C(C(C(C)=O)O)N)O)=O
3	C(C(C(C(C(C)=O)(CO)O)N)O)=O
3	C(C(CO)(C(C(CC=O)N)O)O)=O
3	C(C(CO)(CC(C(CN)O)=O)O)=O
3	C(C(C(CO)N)N)(O)=O
3	C(C(C(CO)NCCO)N)(O)=O
3	C(C(C(C(C(CO)O)O)N)N)(O)=O
3	C(C(C(C(O)=O)N)N)(O)=O
3	C(C(C(C(O)=O)NCCO)N)(O)=O
3	C(C(CNC(C(O)=O)CO)N)(O)=O
3	C(C(CN)N)(O)=O
3	C(C(CNCCO)N)(O)=O
3	C(CO)(C(C(C(CO)O)N)NC)=O
3	C(CC(C(C(CO)N)NC)=O)=O
3	C(C(C(CC(CO)N)=O)NC)=O
3	C(CC(C=O)N)(C(CO)NC)=O
3	C(CC(C=O)O)(C(CN)NC)=O
3	C(C(C(C(CCO)=O)NC)N)=O
3	C(C(C(C=O)O)NC)(CCN)=O
3	C(C(C(C(C(C)=O)NC)N)O)=O
3	C(CCN)(CC(C=O)=O)=O
3	C(CCNCCO)(CC(C=O)=O)=O
3	C(CC(CC(C=O)=O)N)=O
3	C(CC(CC(C=O)=O)NCCO)=O
3	C(CC(C(CCN)=O)=O)=O
3	C(CC(C(CCNCCO)=O)=O)=O
3	C(C(CC(C(C)=O)=O)N)=O
3	C(C(CC(C(C)=O)=O)NCCO)=O
3	C1(CC(C(C(CO)O)O1)N)=O
3	C1(C(C(CO)O)OC(C1)N)=O
3	C1(C(C(CO)N)OC(C1)O)=O
3	C(C)(C1C(C(C(O1)O)O)N)=O
3	C1(CC(C(C(CO)O1)O)N)=O
3	C1(COC(CO)C(C1O)N)=O
3	C1(C(O)OC(CO)C(C1)N)=O
3	C1(C(C(CO)OC(C1)N)O)=O
3	C1(C(C(N)OC(CO)C1)O)=O
3	C1(C(CO)OC(C(C1)N)O)=O
3	C1(C(CN)OC(C(C1)O)O)=O
3	C1(CC(C(C(CO1)O)O)N)=O
3	C1(COCC(C(C1O)N)O)=O
3	C1(C(O)OCC(C(C1)N)O)=O
3	C1(C(C(COC(C1)N)O)O)=O
3	C1(C(C(COC(C1)O)N)O)=O
3	C1(C(C(N)OCC(C1)O)O)=O
3	C1(C(C(O)OCC(C1)N)O)=O
3	C1(C(COC(C(C1)N)O)O)=O
3	C1(C(C(C(O)OCC1)N)O)=O
3	C1(COC(C(C(C1)N)O)O)=O
3	C(C(C(CO)N)O)(CCN)=O
3	C(C(CN)O)(CC(CO)N)=O
3	C(C(CO)O)(CC(CN)N)=O
3	C(C(CN)O)(CC(CN)O)=O
3	C(C(C(CN)N)O)(CCO)=O
3	C(C(C(CN)O)O)(CCN)=O
3	C(CO)(CC(C(CN)O)N)=O
3	C(C)(C(C(C(CN)O)N)O)=O
3	C(CC(C(C(CN)O)O)N)=O
3	C(C=CC(C(CN)O)=O)=O
3	C(C=CC(C(CNCCO)O)=O)=O
3	C(C(C(C(C=C)=O)O)N)=O
3	C(C(C(C(C=C)=O)O)NCCO)=O
3	C(C(C(C=CC=O)N)O)=O
3	C(C(C(C=CC=O)NCCO)O)=O
3	C(CC(C=O)NC)(C(CN)O)=O
3	C(CC(C=O)N)(C(CNC)O)=O
3	C(C(C(C(CCN)=O)O)NC)=O
3	C(C(C(C(CCNC)=O)O)N)=O
3	C(CC(C(C(C=O)O)NC)N)=O
3	C(CC(C(C(C=O)O)N)NC)=O
3	C(C1C(CC(CO)(O1)O)N)=O
3	C(C1C(C(C(C)(O1)O)O)N)=O
3	C(C1C(C(CC(O1)O)O)N)=O
3	C(C(C(C(CCO)N)N)O)=O
3	C(C(C(CC(CO)N)N)O)=O
3	C(C(C(C(C(C)N)O)N)O)=O
3	C(C(C(C(CCN)O)N)O)=O
3	C1(C(C(C(C(CO)O)O1)N)O)=O
3	C1(C(C(C(C(CO)O1)O)N)O)=O
3	C1(C(C(C(C(CO1)O)O)N)O)=O
3	C(C(C(C=O)O)NCC(O)=O)(O)=O
3	C(C(CNCC(O)=O)O)=O
3	C(C)(C(CNCC(O)=O)O)=O
3	C(CNC(C=O)CC(CO)=O)(O)=O
3	C(CNCCC(C=O)=O)(O)=O
3	C(CNCCC(CO)=O)(O)=O
3	C(CNC)(C(CNCC(O)=O)O)=O
3	C(C(C(CO)NCC(O)=O)N)(O)=O
3	C(C(CNCC(O)=O)N)(O)=O
3	C(C(C(CO)N)O)=O
3	C(C(C(CO)NCCO)O)=O
3	C(CO)(C(C(C(CO)O)N)O)=O
3	C(C(C(C(C(CO)O)O)N)O)(O)=O
3	C1(C(C(C(C1CO)NC)O)O)=O
3	C(C(C(C=O)O)NC)(O)=O
3	C(C(CNC)O)=O
3	C(C(C(C(C(CO)O)NC)O)=O)=O
3	C(C(C(C(C(C)O)=O)O)NC)=O
3	C(CNC)(C(CNC)O)=O
3	C(CC(C(C(CNC)O)=O)NC)=O
3	C(C(C(C(C(C)NC)=O)O)NC)=O
3	C(CNCC(O)=O)(C(CNC)O)=O
3	C(C(C(CO)NC)N)(O)=O
3	C(C(C(C(O)=O)NC)N)(O)=O
3	C(C(CNC)N)(O)=O
3	C1(CC(C(C(CO)O)O1)NC)=O
3	C1(C(C(CO)O)OC(C1)NC)=O
3	C1(C(C(CO)NC)OC(C1)O)=O
3	C(C)(C1C(C(C(O1)O)O)NC)=O
3	C1(CC(C(C(CO)O1)O)NC)=O
3	C1(COC(CO)C(C1O)NC)=O
3	C1(C(O)OC(CO)C(C1)NC)=O
3	C1(C(C(CO)OC(C1)NC)O)=O
3	C1(C(C(NC)OC(CO)C1)O)=O
3	C1(C(CO)OC(C(C1)NC)O)=O
3	C1(C(CNC)OC(C(C1)O)O)=O
3	C1(CC(C(C(CO1)O)O)NC)=O
3	C1(COCC(C(C1O)NC)O)=O
3	C1(C(O)OCC(C(C1)NC)O)=O
3	C1(C(C(COC(C1)NC)O)O)=O
3	C1(C(C(COC(C1)O)NC)O)=O
3	C1(C(C(NC)OCC(C1)O)O)=O
3	C1(C(C(O)OCC(C1)NC)O)=O
3	C1(C(COC(C(C1)NC)O)O)=O
3	C1(C(C(C(O)OCC1)NC)O)=O
3	C1(COC(C(C(C1)NC)O)O)=O
3	C(C(C(CO)NC)O)(CCN)=O
3	C(C(CN)O)(CC(CO)NC)=O
3	C(C(CO)O)(CC(CN)NC)=O
3	C(C(CNC)O)(CC(CN)O)=O
3	C(C(C(CN)NC)O)(CCO)=O
3	C(C(C(CN)O)O)(CCNC)=O
3	C(CO)(CC(C(CN)O)NC)=O
3	C(C)(C(C(C(CN)O)NC)O)=O
3	C(CC(C(C(CN)O)O)NC)=O
3	C(CC(C=O)NC)(C(CNC)O)=O
3	C(C(C(C(CCNC)=O)O)NC)=O
3	C(CC(C(C(C=O)O)NC)NC)=O
3	C(C1C(CC(CO)(O1)O)NC)=O
3	C(C1C(C(C(C)(O1)O)O)NC)=O
3	C(C1C(C(CC(O1)O)O)NC)=O
3	C(C(C(C(CCO)N)NC)O)=O
3	C(C(C(CC(CO)N)NC)O)=O
3	C(C(C(C(C(C)N)O)NC)O)=O
3	C(C(C(C(CCN)O)NC)O)=O
3	C1(C(C(C(C(CO)O)O1)NC)O)=O
3	C1(C(C(C(C(CO)O1)O)NC)O)=O
3	C1(C(C(C(C(CO1)O)O)NC)O)=O
3	C(CC(C(C(CO)N)O)=O)=O
3	C(CC(C=O)O)(C(CN)O)=O
3	C(C(C(C(C(C)=O)O)N)O)=O
3	C(CC(C(C(C=O)O)N)O)=O
3	C(C(C(C(C(CO)O)O)N)O)=O
3	C12C(C(C(CC1O)(O)O2)O)O
3	C1(C2C(C(C(C2O)O1)O)O)O
3	C1(C(C(C(O)O1)O)O)=O
3	C1(C(O)OCC1C(C(CO)O)O)=O
3	C(C1(C(CO)C(C(CO)O1)O)O)=O
3	C(C(C1(C(CO)C(CO1)O)O)O)=O
3	C(C(CO)O)(C1COC(C1O)O)=O
3	C(C1C(C(CO)C(CO)(O1)O)O)=O
3	C(C1C(CC(C(CO)O)(O1)O)O)=O
3	C(C1C(C(C(CCO)(O1)O)O)O)=O
3	C(C(C1C(C(C(O)O1)CO)O)O)=O
3	C1(C(O)OC(C(CO)O)C1O)=O
3	C(C1(C(C(C(CO)O1)O)O)O)=O
3	C(C1(C(CC(CO)O1)O)O)=O
3	C1(COC(C(CO)O)(C1)O)=O
3	C(C1CC(C(CO)(O1)O)O)=O
3	C(CO)(C1CC(C(O1)O)O)=O
3	C1(COC(CCO)(C1O)O)=O
3	C1(C(CCO)OC(C1O)O)=O
3	C(C(C1(C(CCO1)O)O)O)=O
3	C(C(C1CC(C(O)O1)O)O)=O
3	CNC1C(O)OC(C1O)C(CO)O
3	CNC(CO)C1(C(C(CO1)O)O)O
3	C1(C(CNC)(O)OC(CO)C1)=O
3	C(C1(C(CC(CO)O1)NC)O)=O
3	C1(C(CO)OC(CNC)(C1)O)=O
3	C(C1CC(C(CO)(O1)O)NC)=O
3	C(C(C1(C(CCO1)NC)O)O)=O
3	C(C(C1CC(C(O)O1)NC)O)=O
3	CNCC1(C(C(C(CO)O1)O)O)O
3	C1(C(CC(C(CO)O)(O)O1)O)=O
3	C1(C(C(C(CCO)(O)O1)O)O)=O
3	C1(C2(C(C(CC2O)O1)O)O)O
3	C1C(C(C(O)O1)(C(CO)O)O)O
3	C(C1(C(O)OCC1O)O)(O)=O
3	C(C(C1(C(O)OCC1O)O)O)(O)=O
3	C1(C(C(C(O)O1)(C(CO)O)O)O)=O
3	C1C(C(C(O)O1)(CO)O)O
3	C(CC1(C(CO)(C(CO1)O)O)O)=O
3	C(C1(COC(C1O)(CCO)O)O)=O
3	C(CCO)(C1(COC(C1O)O)O)=O
3	C(C)(C1C(C(CO)(C(O1)O)O)O)=O
3	C(C1C(C(CO)(C(C)(O1)O)O)O)=O
3	C(CC1C(C(C(O)O1)(CO)O)O)=O
3	C(C1(COC(C1)(C(CO)O)O)O)=O
3	CNC1C(C(CO)OC1(CO)O)O
3	C(CC1(C(C(CO1)O)NC)O)=O
3	C(C(C1(CC(CO1)O)O)NC)=O
3	C(C1C(C(C(C)(O1)O)NC)O)=O
3	C(C(C1CC(C(O)O1)N)O)O
3	C(C1C(CC(CN)(O)O1)O)O
3	C1C2(C(C(C(CO)O2)O1)O)O
3	C(C1C2CC(C(O)O2)(O)O1)O
3	C1C(C2C(CC(O)O2)(O)O1)O
3	CC1(C2C(C(C(O)O2)O1)O)O
3	C1(CC2C(C(C(O)O2)O)O1)O
3	C1C2C(C(CC(O)O2)(O)O1)O
3	C1C2CC(C(C(O)O2)O)(O)O1
3	C1C2(C(C(C(CO1)O2)O)O)O
3	C1C2C(CC(C(O)O1)(O)O2)O
3	C1C(C2(CC(C(O2)O1)O)O)O
3	C1CC2(C(C(C(O2)O1)O)O)O
3	C1C2(CC(C(C(O)O1)O2)O)O
3	C1C(C(C(CCN)(O)O1)O)O
3	C1C(CC(C(CN)O)(O)O1)O
3	C(C1(CC(C(CN)O1)O)O)O
3	CC1(C(C(C(CN)O1)O)O)O
3	C1(CC(C(C(CN)O)O1)O)O
3	CNC1COC(C1O)O
3	CNC1C(CO)OC(CO)(C1O)O
3	C(C1(CC(C(CO)O1)NC)O)=O
3	C(CC1(C(C(CO1)NC)O)O)=O
3	C(C(C1(CC(CO1)NC)O)O)=O
3	C(CC1C(C(C(O)O1)O)NC)=O
3	C(C(C1C(CC(O)O1)NC)O)=O
3	C(CNC1COC(C1O)O)(O)=O
3	CNC1C(C(CO)O)OC(C1O)O
3	C1C(C2CC(C(O)O2)(O)O1)O
3	C1(C2C(C(CC(O)O2)O1)O)O
3	C(C(C1C(CC(O)O1)N)O)O
3	CC(C1C(C(C(O)O1)O)O)N
3	C1(C(C(C(CCN)O1)O)O)O
3	C(C1(C(CO)C(C(CO1)O)O)O)=O
3	C1(C(C(O)OCC1C(CO)O)O)=O
3	C(CO)(C1COC(C(C1O)O)O)=O
3	C(C1C(C(C(CO)C(O1)O)O)O)=O
3	C1(C(O)OC(CO)C(C1O)O)=O
3	C(C1(C(C(C(CO1)O)O)O)O)=O
3	C(C1(C(CC(CO1)O)O)O)=O
3	C1(COC(CO)(CC1O)O)=O
3	C(C1C(CC(C(O1)O)O)O)=O
3	C(C1CC(C(C(O1)O)O)O)=O
3	C1(COC(C)(C(C1O)O)O)=O
3	C1(C(C)OC(C(C1O)O)O)=O
3	CNC1C(O)OC(CO)C(C1O)O
3	C1(C(CNC)(O)OCC(C1)O)=O
3	C(C1(C(CC(CO1)O)NC)O)=O
3	C1(C(COC(CNC)(C1)O)O)=O
3	C1(C(C(CNC)(O)OCC1)O)=O
3	C1(COC(C(C1)O)(CNC)O)=O
3	C(C1C(CC(C(O1)O)NC)O)=O
3	CNCC1(C(C(C(CO1)O)O)O)O
3	CC1(C(C(C(CO1)O)O)O)O
3	C1(C(C(CC(CO)(O)O1)O)O)=O
3	C1(C(C(C(C(C)(O)O1)O)O)O)=O
3	C1(CC(O)OCC1(C(CO)O)O)=O
3	C(C1(COC(CO)(CC1O)O)O)=O
3	C(C1(COC(C)(C(C1O)O)O)O)=O
3	C(C)(C1(COC(C(C1O)O)O)O)=O
3	C1(C(CO)OC(C(CO)(C1)O)O)=O
3	CNC1C(CO)(O)OCC(C1O)O
3	C(C1C(CC(C(O)O1)N)O)O
3	C1C(C(CC(CN)(O)O1)O)O
3	C1C2(C(C(C(CO2)O)O1)O)O
3	C1C2(C(C(C(CO2)O1)O)O)O
3	C1C2C(CC(C(O)O2)(O)O1)O
3	C1(CC(C(C(CN)O1)O)O)O
3	CNC1C(C(CO)(O)OCC1O)O
3	C(C1(CC(C(CO1)O)NC)O)=O
3	C(C1C(C(CC(O1)O)NC)O)=O
3	CNC1C(C(CO)OC(C1O)O)O
3	C(C1C(C(CC(O)O1)N)O)O
3	C(C1CC(C(C(O)O1)O)N)O
3	C(C1C(CC(C(O)O1)O)N)O
3	C(C1COC(C(C(C1O)O)O)O)=O
3	C1(C(O)OCC(C(C1O)O)O)=O
3	C1(COC(CC(C1O)O)O)=O
3	CNC1C(O)OCC(C(C1O)O)O
3	C1C(C(C(CC(O)O1)O)O)O
3	C1CC(C(C(C(O)O1)O)O)O
3	C1(C(C(C(CC(O)O1)O)O)O)=O
3	C1(CC(C(C(C(O)O1)O)O)O)=O
3	C1(C(C(C(O)OCC1)(CO)O)O)=O
3	C1(COC(C(CO)(C(C1)O)O)O)=O
3	C(C1(COC(CC(C1O)O)O)O)=O
3	C1(C(COC(C(CO)(C1)O)O)O)=O
3	C1C(C(CC(C(O)O1)N)O)O
3	C12C(C(C(CC(O)O1)O2)O)O
3	CNC1C(C(COC(C1O)O)O)O
3	C12CC(C(C(C(O)O1)O)O2)O
3	C1C(C(C(CC(O)O1)N)O)O
3	C1C(CC(C(C(O)O1)O)N)O
3	C1C(C(CC(C(O)O1)O)N)O
3	C1CC(C(C(C(O)O1)O)O)N
3	C1C(CC(C(C(O)O1)O)O)N
3	C(C(C(CO)O)=O)(O)=O
3	C(C(C(O)=O)=O)(O)=O
3	C(C(C(C(O)=O)=O)O)(O)=O
3	C(C1C(C(C(C1N)O)O)O)O
3	C1C(C(C(C(C1N)O)O)O)O
3	C(C1C(C(C(C1O)O)O)O)N
3	C(C(C(CN)O)O)(O)=O
3	C(C(C(C(CO)C(CO)O)N)O)=O
3	C(C(C(CO)C(C(CO)O)N)O)=O
3	C(C(C(C(C(CO)CO)N)O)O)=O
3	C(C(C(C(CO)C(CO)N)O)O)=O
3	C(C(C(CC(C(CO)O)N)O)O)=O
3	C(C(C(C(C(CCO)N)O)O)O)=O
3	C(C(C(C(C(CO)CN)O)O)O)=O
3	C(C(CO)N)O
3	CC(C(CO)O)N
3	C(C(CC(CO)N)O)=O
3	C(C(CCO)N)O
3	C(C(C(C(C)N)O)O)=O
3	CC(CO)N
3	CCN
3	C(C(C(CO)O)N)O
3	C(CC(C(C(CO)O)N)O)=O
3	C(C(CC(C(CO)N)O)O)=O
3	C(C(C(CC(CN)O)O)O)=O
3	C(C(C(C(C(C)O)N)O)O)=O
3	CNCCN
3	CNCC(C(CO)O)N
3	CNC(CO)C(C(C(CO)O)O)N
3	C(CC(C(C(CO)O)N)NC)=O
3	C(C(CO)O)(CC(CNC)N)=O
3	C(C(CC(C(CO)N)NC)O)=O
3	C(C(C(CNC)N)O)(CCO)=O
3	C(C(C(C(CCO)NC)N)O)=O
3	C(CO)(CC(C(CNC)N)O)=O
3	C(C(C(CC(CN)NC)O)O)=O
3	C(C)(C(C(C(CNC)N)O)O)=O
3	C(C(C(C(C(C)NC)N)O)O)=O
3	C(CC(C(C(CNC)N)O)O)=O
3	C(CNCCN)(O)=O
3	C(CNCC(C(CO)O)N)(O)=O
3	CNCC(C(C(C(CO)O)O)O)N
3	C(C1(C(C(CC1N)O)O)O)O
3	C(C1(C(C(CC1O)O)O)O)N
3	C(C(C(CN)(C(CO)O)O)O)O
3	C(C(CN)(C(CO)O)O)(O)=O
3	C(C(C(CN)(C(CO)O)O)O)(O)=O
3	C(C(CN)(C(CO)O)O)O
3	C(CC(C(CO)(C(CO)O)O)N)=O
3	C(C(CC(C(CO)(CO)O)N)O)=O
3	C(C(C(CO)(CN)O)O)(CCO)=O
3	C(C(C(CO)(C(CCO)N)O)O)=O
3	C(CO)(CC(C(CO)(CN)O)O)=O
3	C(C)(C(C(C(CO)(CN)O)O)O)=O
3	C(C(C(C(CO)(C(C)N)O)O)O)=O
3	C(CC(C(C(CO)(CN)O)O)O)=O
3	C(C(CO)O)(CC(CO)(CN)O)=O
3	CNC(C(C(CO)O)O)C(CO)N
3	C(CC(C(C(CO)O)NC)N)=O
3	C(C(C(CC(CO)O)N)NC)=O
3	C(C(CC(C(CO)NC)N)O)=O
3	C(C(C(C(C(C)N)NC)O)O)=O
3	C(C(C(CC(CN)N)O)O)O
3	C1C(C(C(C(CO)O)O1)O)N
3	C1C(C(C(C(CO)O1)O)O)N
3	C1C(C(C(C(CO1)N)O)O)O
3	C(C(C(C(CCN)N)O)O)O
3	C(C(CC(C(CN)O)N)O)O
3	C(C(C(CC(CN)O)N)O)O
3	C(CC(C(C(CN)O)O)N)O
3	C(C(CC(C(CN)O)O)N)O
3	CC(C(C(C(CN)O)O)O)N
3	C(C(C(C(CCN)O)O)O)N
3	CNC(CO)C(CN)O
3	CNC(C(C(CO)N)O)C(CO)O
3	C(CC(C(C(CO)NC)O)N)=O
3	C(C(C(CC(CO)NC)N)O)=O
3	C(C(CC(C(CO)O)N)NC)=O
3	C(C(CC(C(CNC)O)N)O)=O
3	C(C(C(C(CCO)N)O)NC)=O
3	C(C(C(C(CCNC)N)O)O)=O
3	C(CC(C(C(CN)O)NC)O)=O
3	C(C(C(C(CCN)NC)O)O)=O
3	C(CNC(CO)C(CN)O)(O)=O
3	CNC(C(C(CO)O)O)C(CN)O
3	C1(CC(C(C(C=O)O)O1)O)=O
3	C1(C(C=O)(C(CO1)O)O)=O
3	C(C1(C(CO)OC(C1O)=O)O)=O
3	C1(C(C(CO1)O)N)=O
3	C1(C(C(C(C(CO)O)O1)O)N)=O
3	C1(C(C(C(O1)=O)N)O)=O
3	C1(CC(C(C(C=O)O1)O)O)=O
3	C(C1(C(COC(C1O)=O)O)O)=O
3	C1(C(C(C(C(CO)O1)O)O)N)=O
3	C1(C(C(C(C(CO1)O)O)O)N)=O
3	C1C(CC(C(CO)O)N=1)O
3	C1C(C(C(CCO)N=1)O)O
3	C1(C(CO)O)CC(CN=1)O
3	C1(C(C(CN=1)O)O)CCO
3	C1C(C(CC(CO)N=1)O)O
3	C1C(C(C(C(C)N=1)O)O)O
3	C1(CO)CC(C(CN=1)O)O
3	C1(C)C(C(C(CN=1)O)O)O
3	C(CC(C(CO)O)CC(C=O)=O)=O
3	C(C(C(CC(CO)CC=O)=O)O)=O
3	C(CC(C=O)CC=O)(C(CO)O)=O
3	C(CC(C(C(CO)O)=O)CC=O)=O
3	C(CCCC(C(C(C=O)O)O)=O)=O
3	C(CC(C(C=O)O)CC(CO)=O)=O
3	C(CC(C(C(C=O)O)O)CC=O)=O
3	C(C(CC(CO)C(CO)O)=O)=O
3	C(C(C(CC(CO)CO)=O)O)=O
3	C(C(CO)CC(C(CO)O)=O)=O
3	C(C(CO)CC=O)(C(CO)O)=O
3	C(C(C(C=O)O)O)(CCCO)=O
3	C(C(C(CO)CC(CO)=O)O)=O
3	C(CC(CO)C(C(C=O)O)O)=O
3	C(C(CC(CN)C(CO)O)=O)=O
3	C(C(C(CC(CO)CN)=O)O)=O
3	C(C(CN)CC(C(CO)O)=O)=O
3	C(C(CN)CC=O)(C(CO)O)=O
3	C(C(C(C=O)O)O)(CCCN)=O
3	C(C(C(CN)CC(CO)=O)O)=O
3	C(CC(C(C(C=O)O)O)CN)=O
3	C=C(C(C=O)=O)NC
3	C=C(C(CO)=O)NC
3	C(C(C(C(NC)=C)=O)O)=O
3	C=C(C=O)NC
3	C=C(C=O)N
3	C(NC)=CC(C=O)=O
3	C(C(C(C=CNC)=O)O)=O
3	C(NC)=CC(CO)=O
3	C(NC)=CC=O
3	C(N)=CC=O
3	C(C(CNCC=O)O)(O)=O
3	C(C(C(CNCC=O)O)O)(O)=O
3	C(CNCC(CO)O)=O
3	C(CNCC(CO)O)(C(CO)O)=O
3	C(C(C(CO)NCC(CO)O)O)=O
3	C(CNCCC(CO)=O)=O
3	C(C)(C(CNCC=O)O)=O
3	C(CNCC(CC(CO)=O)O)=O
3	C(C)(C(C(CNCC=O)O)O)=O
3	C(C(CNCC=O)O)=O
3	C(C(CNCC(C(CO)O)=O)O)=O
3	C(C(C(CO)NCC(C=O)O)O)=O
3	C(CC(CNCC=O)O)=O
3	C(C(CCNCC=O)O)=O
3	C(C(C(CNCC=O)O)O)=O
3	C(CNCC)=O
3	C(CNCC)(C(CO)O)=O
3	C(C(C(CO)NCC)O)=O
3	C(CNCCNC)=O
3	C(CNCCNC)(C(CO)O)=O
3	C(C(C(CO)NCCNC)O)=O
3	C(CNCCNCC(O)=O)=O
3	C(CNCC(CO)(C(CO)O)O)=O
3	C(CNCCC(CC(C=O)=O)O)=O
3	C(CNCCC(C(CCO)=O)=O)=O
3	C(CNCCC(CC(CO)=O)=O)=O
3	C(C)(C(C(CCNCC=O)=O)O)=O
3	C(CNCCC(C(CC=O)O)=O)=O
3	C(C(CCNCC=O)O)(CC=O)=O
3	C(C)(CC(C(CNCC=O)O)=O)=O
3	C(CNCC(C(CCC=O)=O)O)=O
3	C(CCCNCC=O)(C(C=O)O)=O
3	C(CNCC(CC(C(C)=O)=O)O)=O
3	C(CC(CNCC=O)O)(CC=O)=O
3	C(CC(C=O)O)(CCNCC=O)=O
3	C(CNCC(C(C=CCO)=O)O)=O
3	C(CNCC=CC(C(CO)O)=O)=O
3	C(CNCC(C(C(C=C)=O)O)O)=O
3	C(CNCC(C=CC(CO)=O)O)=O
3	C(CNCC(C(C=CC=O)O)O)=O
3	C(CNCC=CC(C(C=O)O)O)=O
3	C(CNCC(C(CO)NC)O)=O
3	C(CNC(CO)CO)=O
3	C(CNC(CO)CO)(C(CO)O)=O
3	C(C(C(CO)NC(CO)CO)O)=O
3	C(CC(CO)NCC=O)=O
3	C(C(C(C)NCC=O)O)=O
3	C(CNC(C)C(CO)O)=O
3	C(C(CC(CO)NCC=O)O)=O
3	C(CNC(CO)CCO)=O
3	C(C(C(C(C)NCC=O)O)O)=O
3	C(CNC(C)CO)=O
3	C(CNC(CO)C)(C(CO)O)=O
3	C(C(C(CO)NC(CO)C)O)=O
3	C(CNC(CO)C(CO)O)=O
3	C(CNC(CNC)C(CO)O)=O
3	C(CNC(CCO)CC(C=O)=O)=O
3	C(CNC(CCC(C=O)=O)CO)=O
3	C(CNC(C)C(CC(C=O)=O)O)=O
3	C(CNC(CC=O)CC(CO)=O)=O
3	C(CC(CO)NCC=O)(CC=O)=O
3	C(C)(C(C(CC=O)NCC=O)O)=O
3	C(C(C(C)NCC=O)O)(CC=O)=O
3	C(CC(C(CC=O)NCC=O)O)=O
3	C(C)(CC(C(C=O)O)NCC=O)=O
3	C(CC(C)NCC=O)(C(C=O)O)=O
3	C(CCC(C(C=O)O)NCC=O)=O
3	C(CC(CC(C=O)O)NCC=O)=O
3	C(CNC(C=CCO)C(C=O)O)=O
3	C(CNC(C=CC=O)C(CO)O)=O
3	C(C(C(C(C=C)NCC=O)O)O)=O
3	C(C(C=CC(CO)NCC=O)O)=O
